2026-02-16T01:15:37.672+05:30  INFO 78816 --- [accountservice] [main] c.e.a.AccountserviceApplication          : Starting AccountserviceApplication using Java 17.0.12 with PID 78816 (/Users/sudhirtiwari/IdeaProjects/accountservice/target/classes started by sudhirtiwari in /Users/sudhirtiwari/IdeaProjects/accountservice)
2026-02-16T01:15:37.674+05:30  INFO 78816 --- [accountservice] [main] c.e.a.AccountserviceApplication          : No active profile set, falling back to 1 default profile: "default"
2026-02-16T01:15:38.183+05:30  INFO 78816 --- [accountservice] [main] .s.d.r.c.RepositoryConfigurationDelegate : Bootstrapping Spring Data JPA repositories in DEFAULT mode.
2026-02-16T01:15:38.206+05:30  INFO 78816 --- [accountservice] [main] .s.d.r.c.RepositoryConfigurationDelegate : Finished Spring Data repository scanning in 19 ms. Found 1 JPA repository interface.
2026-02-16T01:15:38.446+05:30  INFO 78816 --- [accountservice] [main] o.s.boot.tomcat.TomcatWebServer          : Tomcat initialized with port 8080 (http)
2026-02-16T01:15:38.454+05:30  INFO 78816 --- [accountservice] [main] o.apache.catalina.core.StandardService   : Starting service [Tomcat]
2026-02-16T01:15:38.454+05:30  INFO 78816 --- [accountservice] [main] o.apache.catalina.core.StandardEngine    : Starting Servlet engine: [Apache Tomcat/11.0.15]
2026-02-16T01:15:38.482+05:30  INFO 78816 --- [accountservice] [main] b.w.c.s.WebApplicationContextInitializer : Root WebApplicationContext: initialization completed in 768 ms
2026-02-16T01:15:38.562+05:30  INFO 78816 --- [accountservice] [main] org.hibernate.orm.jpa                    : HHH008540: Processing PersistenceUnitInfo [name: default]
2026-02-16T01:15:38.593+05:30  INFO 78816 --- [accountservice] [main] org.hibernate.orm.core                   : HHH000001: Hibernate ORM core version 7.2.1.Final
2026-02-16T01:15:38.805+05:30  INFO 78816 --- [accountservice] [main] o.s.o.j.p.SpringPersistenceUnitInfo      : No LoadTimeWeaver setup: ignoring JPA class transformer
2026-02-16T01:15:38.823+05:30  INFO 78816 --- [accountservice] [main] com.zaxxer.hikari.HikariDataSource       : HikariPool-1 - Starting...
2026-02-16T01:15:38.962+05:30  INFO 78816 --- [accountservice] [main] com.zaxxer.hikari.pool.HikariPool        : HikariPool-1 - Added connection conn0: url=jdbc:h2:mem:accountdb user=SA
2026-02-16T01:15:38.963+05:30  INFO 78816 --- [accountservice] [main] com.zaxxer.hikari.HikariDataSource       : HikariPool-1 - Start completed.
2026-02-16T01:15:39.003+05:30  WARN 78816 --- [accountservice] [main] org.hibernate.orm.deprecation            : HHH90000025: H2Dialect does not need to be specified explicitly using 'hibernate.dialect' (remove the property setting and it will be selected by default)
2026-02-16T01:15:39.021+05:30  INFO 78816 --- [accountservice] [main] org.hibernate.orm.connections.pooling    : HHH10001005: Database info:
	Database JDBC URL [jdbc:h2:mem:accountdb]
	Database driver: H2 JDBC Driver
	Database dialect: H2Dialect
	Database version: 2.4.240
	Default catalog/schema: ACCOUNTDB/PUBLIC
	Autocommit mode: undefined/unknown
	Isolation level: READ_COMMITTED [default READ_COMMITTED]
	JDBC fetch size: 100
	Pool: DataSourceConnectionProvider
	Minimum pool size: undefined/unknown
	Maximum pool size: undefined/unknown
2026-02-16T01:15:39.432+05:30  INFO 78816 --- [accountservice] [main] org.hibernate.orm.core                   : HHH000489: No JTA platform available (set 'hibernate.transaction.jta.platform' to enable JTA platform integration)
2026-02-16T01:15:39.465+05:30  INFO 78816 --- [accountservice] [main] j.LocalContainerEntityManagerFactoryBean : Initialized JPA EntityManagerFactory for persistence unit 'default'
2026-02-16T01:15:39.509+05:30  INFO 78816 --- [accountservice] [main] o.s.d.j.r.query.QueryEnhancerFactories   : Hibernate is in classpath; If applicable, HQL parser will be used.
2026-02-16T01:15:39.618+05:30  WARN 78816 --- [accountservice] [main] JpaBaseConfiguration$JpaWebConfiguration : spring.jpa.open-in-view is enabled by default. Therefore, database queries may be performed during view rendering. Explicitly configure spring.jpa.open-in-view to disable this warning
2026-02-16T01:15:39.636+05:30  INFO 78816 --- [accountservice] [main] o.s.v.b.OptionalValidatorFactoryBean     : Failed to set up a Bean Validation provider: jakarta.validation.NoProviderFoundException: Unable to create a Configuration, because no Jakarta Validation provider could be found. Add a provider like Hibernate Validator (RI) to your classpath.
2026-02-16T01:15:39.791+05:30  INFO 78816 --- [accountservice] [main] o.s.b.h.a.H2ConsoleAutoConfiguration     : H2 console available at '/h2-console'. Database available at 'jdbc:h2:mem:accountdb'
2026-02-16T01:15:39.823+05:30  INFO 78816 --- [accountservice] [main] o.s.boot.tomcat.TomcatWebServer          : Tomcat started on port 8080 (http) with context path '/'
2026-02-16T01:15:39.827+05:30  INFO 78816 --- [accountservice] [main] c.e.a.AccountserviceApplication          : Started AccountserviceApplication in 2.439 seconds (process running for 2.725)
2026-02-16T01:15:39.828+05:30  INFO 78816 --- [accountservice] [main] c.e.a.config.DataInitializer             : Preloading H2 Database with sample accounts...
2026-02-16T01:15:39.885+05:30  INFO 78816 --- [accountservice] [main] c.e.a.config.DataInitializer             : H2 Database seeding complete.
2026-02-16T01:17:25.333+05:30  INFO 78816 --- [accountservice] [http-nio-8080-exec-1] o.a.c.c.C.[Tomcat].[localhost].[/]       : Initializing Spring DispatcherServlet 'dispatcherServlet'
2026-02-16T01:17:25.339+05:30  INFO 78816 --- [accountservice] [http-nio-8080-exec-1] o.s.web.servlet.DispatcherServlet        : Initializing Servlet 'dispatcherServlet'
2026-02-16T01:17:25.362+05:30  INFO 78816 --- [accountservice] [http-nio-8080-exec-1] o.s.web.servlet.DispatcherServlet        : Completed initialization in 23 ms
2026-02-16T01:17:25.417+05:30 ERROR 78816 --- [accountservice] [http-nio-8080-exec-1] c.e.a.exception.GlobalExceptionHandler   : An unexpected error occurred: 

org.springframework.web.servlet.resource.NoResourceFoundException: No static resource api/accounts/1001 for request '/api/accounts/1001'.
	at org.springframework.web.servlet.resource.ResourceHttpRequestHandler.handleRequest(ResourceHttpRequestHandler.java:527) ~[spring-webmvc-7.0.3.jar:7.0.3]
	at org.springframework.web.servlet.mvc.HttpRequestHandlerAdapter.handle(HttpRequestHandlerAdapter.java:50) ~[spring-webmvc-7.0.3.jar:7.0.3]
	at org.springframework.web.servlet.DispatcherServlet.doDispatch(DispatcherServlet.java:963) ~[spring-webmvc-7.0.3.jar:7.0.3]
	at org.springframework.web.servlet.DispatcherServlet.doService(DispatcherServlet.java:866) ~[spring-webmvc-7.0.3.jar:7.0.3]
	at org.springframework.web.servlet.FrameworkServlet.processRequest(FrameworkServlet.java:1003) ~[spring-webmvc-7.0.3.jar:7.0.3]
	at org.springframework.web.servlet.FrameworkServlet.doGet(FrameworkServlet.java:892) ~[spring-webmvc-7.0.3.jar:7.0.3]
	at jakarta.servlet.http.HttpServlet.service(HttpServlet.java:633) ~[jakarta.servlet-api-6.1.0.jar:6.1.0]
	at org.springframework.web.servlet.FrameworkServlet.service(FrameworkServlet.java:874) ~[spring-webmvc-7.0.3.jar:7.0.3]
	at jakarta.servlet.http.HttpServlet.service(HttpServlet.java:723) ~[jakarta.servlet-api-6.1.0.jar:6.1.0]
	at org.apache.catalina.core.ApplicationFilterChain.doFilter(ApplicationFilterChain.java:128) ~[tomcat-embed-core-11.0.15.jar:11.0.15]
	at org.apache.tomcat.websocket.server.WsFilter.doFilter(WsFilter.java:53) ~[tomcat-embed-websocket-11.0.15.jar:11.0.15]
	at org.apache.catalina.core.ApplicationFilterChain.doFilter(ApplicationFilterChain.java:107) ~[tomcat-embed-core-11.0.15.jar:11.0.15]
	at org.springframework.web.filter.RequestContextFilter.doFilterInternal(RequestContextFilter.java:100) ~[spring-web-7.0.3.jar:7.0.3]
	at org.springframework.web.filter.OncePerRequestFilter.doFilter(OncePerRequestFilter.java:116) ~[spring-web-7.0.3.jar:7.0.3]
	at org.apache.catalina.core.ApplicationFilterChain.doFilter(ApplicationFilterChain.java:107) ~[tomcat-embed-core-11.0.15.jar:11.0.15]
	at org.springframework.web.filter.FormContentFilter.doFilterInternal(FormContentFilter.java:93) ~[spring-web-7.0.3.jar:7.0.3]
	at org.springframework.web.filter.OncePerRequestFilter.doFilter(OncePerRequestFilter.java:116) ~[spring-web-7.0.3.jar:7.0.3]
	at org.apache.catalina.core.ApplicationFilterChain.doFilter(ApplicationFilterChain.java:107) ~[tomcat-embed-core-11.0.15.jar:11.0.15]
	at org.springframework.web.filter.CharacterEncodingFilter.doFilterInternal(CharacterEncodingFilter.java:199) ~[spring-web-7.0.3.jar:7.0.3]
	at org.springframework.web.filter.OncePerRequestFilter.doFilter(OncePerRequestFilter.java:116) ~[spring-web-7.0.3.jar:7.0.3]
	at org.apache.catalina.core.ApplicationFilterChain.doFilter(ApplicationFilterChain.java:107) ~[tomcat-embed-core-11.0.15.jar:11.0.15]
	at org.apache.catalina.core.StandardWrapperValve.invoke(StandardWrapperValve.java:165) ~[tomcat-embed-core-11.0.15.jar:11.0.15]
	at org.apache.catalina.core.StandardContextValve.invoke(StandardContextValve.java:77) ~[tomcat-embed-core-11.0.15.jar:11.0.15]
	at org.apache.catalina.authenticator.AuthenticatorBase.invoke(AuthenticatorBase.java:482) ~[tomcat-embed-core-11.0.15.jar:11.0.15]
	at org.apache.catalina.core.StandardHostValve.invoke(StandardHostValve.java:113) ~[tomcat-embed-core-11.0.15.jar:11.0.15]
	at org.apache.catalina.valves.ErrorReportValve.invoke(ErrorReportValve.java:83) ~[tomcat-embed-core-11.0.15.jar:11.0.15]
	at org.apache.catalina.core.StandardEngineValve.invoke(StandardEngineValve.java:72) ~[tomcat-embed-core-11.0.15.jar:11.0.15]
	at org.apache.catalina.connector.CoyoteAdapter.service(CoyoteAdapter.java:341) ~[tomcat-embed-core-11.0.15.jar:11.0.15]
	at org.apache.coyote.http11.Http11Processor.service(Http11Processor.java:397) ~[tomcat-embed-core-11.0.15.jar:11.0.15]
	at org.apache.coyote.AbstractProcessorLight.process(AbstractProcessorLight.java:63) ~[tomcat-embed-core-11.0.15.jar:11.0.15]
	at org.apache.coyote.AbstractProtocol$ConnectionHandler.process(AbstractProtocol.java:903) ~[tomcat-embed-core-11.0.15.jar:11.0.15]
	at org.apache.tomcat.util.net.NioEndpoint$SocketProcessor.doRun(NioEndpoint.java:1778) ~[tomcat-embed-core-11.0.15.jar:11.0.15]
	at org.apache.tomcat.util.net.SocketProcessorBase.run(SocketProcessorBase.java:52) ~[tomcat-embed-core-11.0.15.jar:11.0.15]
	at org.apache.tomcat.util.threads.ThreadPoolExecutor.runWorker(ThreadPoolExecutor.java:946) ~[tomcat-embed-core-11.0.15.jar:11.0.15]
	at org.apache.tomcat.util.threads.ThreadPoolExecutor$Worker.run(ThreadPoolExecutor.java:480) ~[tomcat-embed-core-11.0.15.jar:11.0.15]
	at org.apache.tomcat.util.threads.TaskThread$WrappingRunnable.run(TaskThread.java:57) ~[tomcat-embed-core-11.0.15.jar:11.0.15]
	at java.base/java.lang.Thread.run(Thread.java:840) ~[na:na]

2026-02-16T01:17:35.038+05:30 ERROR 78816 --- [accountservice] [http-nio-8080-exec-2] c.e.a.exception.GlobalExceptionHandler   : An unexpected error occurred: 

jakarta.servlet.ServletException: Handler dispatch failed: java.lang.NoSuchMethodError: 'void org.springframework.web.method.ControllerAdviceBean.<init>(java.lang.Object)'
	at org.springframework.web.servlet.DispatcherServlet.doDispatch(DispatcherServlet.java:978) ~[spring-webmvc-7.0.3.jar:7.0.3]
	at org.springframework.web.servlet.DispatcherServlet.doService(DispatcherServlet.java:866) ~[spring-webmvc-7.0.3.jar:7.0.3]
	at org.springframework.web.servlet.FrameworkServlet.processRequest(FrameworkServlet.java:1003) ~[spring-webmvc-7.0.3.jar:7.0.3]
	at org.springframework.web.servlet.FrameworkServlet.doGet(FrameworkServlet.java:892) ~[spring-webmvc-7.0.3.jar:7.0.3]
	at jakarta.servlet.http.HttpServlet.service(HttpServlet.java:633) ~[jakarta.servlet-api-6.1.0.jar:6.1.0]
	at org.springframework.web.servlet.FrameworkServlet.service(FrameworkServlet.java:874) ~[spring-webmvc-7.0.3.jar:7.0.3]
	at jakarta.servlet.http.HttpServlet.service(HttpServlet.java:723) ~[jakarta.servlet-api-6.1.0.jar:6.1.0]
	at org.apache.catalina.core.ApplicationFilterChain.doFilter(ApplicationFilterChain.java:128) ~[tomcat-embed-core-11.0.15.jar:11.0.15]
	at org.apache.tomcat.websocket.server.WsFilter.doFilter(WsFilter.java:53) ~[tomcat-embed-websocket-11.0.15.jar:11.0.15]
	at org.apache.catalina.core.ApplicationFilterChain.doFilter(ApplicationFilterChain.java:107) ~[tomcat-embed-core-11.0.15.jar:11.0.15]
	at org.springframework.web.filter.RequestContextFilter.doFilterInternal(RequestContextFilter.java:100) ~[spring-web-7.0.3.jar:7.0.3]
	at org.springframework.web.filter.OncePerRequestFilter.doFilter(OncePerRequestFilter.java:116) ~[spring-web-7.0.3.jar:7.0.3]
	at org.apache.catalina.core.ApplicationFilterChain.doFilter(ApplicationFilterChain.java:107) ~[tomcat-embed-core-11.0.15.jar:11.0.15]
	at org.springframework.web.filter.FormContentFilter.doFilterInternal(FormContentFilter.java:93) ~[spring-web-7.0.3.jar:7.0.3]
	at org.springframework.web.filter.OncePerRequestFilter.doFilter(OncePerRequestFilter.java:116) ~[spring-web-7.0.3.jar:7.0.3]
	at org.apache.catalina.core.ApplicationFilterChain.doFilter(ApplicationFilterChain.java:107) ~[tomcat-embed-core-11.0.15.jar:11.0.15]
	at org.springframework.web.filter.CharacterEncodingFilter.doFilterInternal(CharacterEncodingFilter.java:199) ~[spring-web-7.0.3.jar:7.0.3]
	at org.springframework.web.filter.OncePerRequestFilter.doFilter(OncePerRequestFilter.java:116) ~[spring-web-7.0.3.jar:7.0.3]
	at org.apache.catalina.core.ApplicationFilterChain.doFilter(ApplicationFilterChain.java:107) ~[tomcat-embed-core-11.0.15.jar:11.0.15]
	at org.apache.catalina.core.StandardWrapperValve.invoke(StandardWrapperValve.java:165) ~[tomcat-embed-core-11.0.15.jar:11.0.15]
	at org.apache.catalina.core.StandardContextValve.invoke(StandardContextValve.java:77) ~[tomcat-embed-core-11.0.15.jar:11.0.15]
	at org.apache.catalina.authenticator.AuthenticatorBase.invoke(AuthenticatorBase.java:482) ~[tomcat-embed-core-11.0.15.jar:11.0.15]
	at org.apache.catalina.core.StandardHostValve.invoke(StandardHostValve.java:113) ~[tomcat-embed-core-11.0.15.jar:11.0.15]
	at org.apache.catalina.valves.ErrorReportValve.invoke(ErrorReportValve.java:83) ~[tomcat-embed-core-11.0.15.jar:11.0.15]
	at org.apache.catalina.core.StandardEngineValve.invoke(StandardEngineValve.java:72) ~[tomcat-embed-core-11.0.15.jar:11.0.15]
	at org.apache.catalina.connector.CoyoteAdapter.service(CoyoteAdapter.java:341) ~[tomcat-embed-core-11.0.15.jar:11.0.15]
	at org.apache.coyote.http11.Http11Processor.service(Http11Processor.java:397) ~[tomcat-embed-core-11.0.15.jar:11.0.15]
	at org.apache.coyote.AbstractProcessorLight.process(AbstractProcessorLight.java:63) ~[tomcat-embed-core-11.0.15.jar:11.0.15]
	at org.apache.coyote.AbstractProtocol$ConnectionHandler.process(AbstractProtocol.java:903) ~[tomcat-embed-core-11.0.15.jar:11.0.15]
	at org.apache.tomcat.util.net.NioEndpoint$SocketProcessor.doRun(NioEndpoint.java:1778) ~[tomcat-embed-core-11.0.15.jar:11.0.15]
	at org.apache.tomcat.util.net.SocketProcessorBase.run(SocketProcessorBase.java:52) ~[tomcat-embed-core-11.0.15.jar:11.0.15]
	at org.apache.tomcat.util.threads.ThreadPoolExecutor.runWorker(ThreadPoolExecutor.java:946) ~[tomcat-embed-core-11.0.15.jar:11.0.15]
	at org.apache.tomcat.util.threads.ThreadPoolExecutor$Worker.run(ThreadPoolExecutor.java:480) ~[tomcat-embed-core-11.0.15.jar:11.0.15]
	at org.apache.tomcat.util.threads.TaskThread$WrappingRunnable.run(TaskThread.java:57) ~[tomcat-embed-core-11.0.15.jar:11.0.15]
	at java.base/java.lang.Thread.run(Thread.java:840) ~[na:na]
Caused by: java.lang.NoSuchMethodError: 'void org.springframework.web.method.ControllerAdviceBean.<init>(java.lang.Object)'
	at org.springdoc.core.service.GenericResponseService.lambda$getGenericMapResponse$8(GenericResponseService.java:702) ~[springdoc-openapi-starter-common-2.3.0.jar:2.3.0]
	at java.base/java.util.stream.ReferencePipeline$2$1.accept(ReferencePipeline.java:178) ~[na:na]
	at java.base/java.util.Spliterators$ArraySpliterator.forEachRemaining(Spliterators.java:992) ~[na:na]
	at java.base/java.util.stream.AbstractPipeline.copyInto(AbstractPipeline.java:509) ~[na:na]
	at java.base/java.util.stream.AbstractPipeline.wrapAndCopyInto(AbstractPipeline.java:499) ~[na:na]
	at java.base/java.util.stream.AbstractPipeline.evaluate(AbstractPipeline.java:575) ~[na:na]
	at java.base/java.util.stream.AbstractPipeline.evaluateToArrayNode(AbstractPipeline.java:260) ~[na:na]
	at java.base/java.util.stream.ReferencePipeline.toArray(ReferencePipeline.java:616) ~[na:na]
	at java.base/java.util.stream.ReferencePipeline.toArray(ReferencePipeline.java:622) ~[na:na]
	at java.base/java.util.stream.ReferencePipeline.toList(ReferencePipeline.java:627) ~[na:na]
	at org.springdoc.core.service.GenericResponseService.getGenericMapResponse(GenericResponseService.java:704) ~[springdoc-openapi-starter-common-2.3.0.jar:2.3.0]
	at org.springdoc.core.service.GenericResponseService.build(GenericResponseService.java:246) ~[springdoc-openapi-starter-common-2.3.0.jar:2.3.0]
	at org.springdoc.api.AbstractOpenApiResource.calculatePath(AbstractOpenApiResource.java:499) ~[springdoc-openapi-starter-common-2.3.0.jar:2.3.0]
	at org.springdoc.api.AbstractOpenApiResource.calculatePath(AbstractOpenApiResource.java:676) ~[springdoc-openapi-starter-common-2.3.0.jar:2.3.0]
	at org.springdoc.webmvc.api.OpenApiResource.lambda$calculatePath$11(OpenApiResource.java:219) ~[springdoc-openapi-starter-webmvc-api-2.3.0.jar:2.3.0]
	at java.base/java.util.Optional.ifPresent(Optional.java:178) ~[na:na]
	at org.springdoc.webmvc.api.OpenApiResource.calculatePath(OpenApiResource.java:200) ~[springdoc-openapi-starter-webmvc-api-2.3.0.jar:2.3.0]
	at org.springdoc.webmvc.api.OpenApiResource.lambda$getPaths$2(OpenApiResource.java:170) ~[springdoc-openapi-starter-webmvc-api-2.3.0.jar:2.3.0]
	at java.base/java.util.Optional.ifPresent(Optional.java:178) ~[na:na]
	at org.springdoc.webmvc.api.OpenApiResource.getPaths(OpenApiResource.java:149) ~[springdoc-openapi-starter-webmvc-api-2.3.0.jar:2.3.0]
	at org.springdoc.api.AbstractOpenApiResource.getOpenApi(AbstractOpenApiResource.java:353) ~[springdoc-openapi-starter-common-2.3.0.jar:2.3.0]
	at org.springdoc.webmvc.api.OpenApiResource.openapiJson(OpenApiResource.java:124) ~[springdoc-openapi-starter-webmvc-api-2.3.0.jar:2.3.0]
	at org.springdoc.webmvc.api.OpenApiWebMvcResource.openapiJson(OpenApiWebMvcResource.java:111) ~[springdoc-openapi-starter-webmvc-api-2.3.0.jar:2.3.0]
	at java.base/jdk.internal.reflect.NativeMethodAccessorImpl.invoke0(Native Method) ~[na:na]
	at java.base/jdk.internal.reflect.NativeMethodAccessorImpl.invoke(NativeMethodAccessorImpl.java:77) ~[na:na]
	at java.base/jdk.internal.reflect.DelegatingMethodAccessorImpl.invoke(DelegatingMethodAccessorImpl.java:43) ~[na:na]
	at java.base/java.lang.reflect.Method.invoke(Method.java:569) ~[na:na]
	at org.springframework.web.method.support.InvocableHandlerMethod.doInvoke(InvocableHandlerMethod.java:258) ~[spring-web-7.0.3.jar:7.0.3]
	at org.springframework.web.method.support.InvocableHandlerMethod.invokeForRequest(InvocableHandlerMethod.java:190) ~[spring-web-7.0.3.jar:7.0.3]
	at org.springframework.web.servlet.mvc.method.annotation.ServletInvocableHandlerMethod.invokeAndHandle(ServletInvocableHandlerMethod.java:117) ~[spring-webmvc-7.0.3.jar:7.0.3]
	at org.springframework.web.servlet.mvc.method.annotation.RequestMappingHandlerAdapter.invokeHandlerMethod(RequestMappingHandlerAdapter.java:934) ~[spring-webmvc-7.0.3.jar:7.0.3]
	at org.springframework.web.servlet.mvc.method.annotation.RequestMappingHandlerAdapter.handleInternal(RequestMappingHandlerAdapter.java:853) ~[spring-webmvc-7.0.3.jar:7.0.3]
	at org.springframework.web.servlet.mvc.method.AbstractHandlerMethodAdapter.handle(AbstractHandlerMethodAdapter.java:86) ~[spring-webmvc-7.0.3.jar:7.0.3]
	at org.springframework.web.servlet.DispatcherServlet.doDispatch(DispatcherServlet.java:963) ~[spring-webmvc-7.0.3.jar:7.0.3]
	... 34 common frames omitted

2026-02-16T01:19:31.275+05:30  INFO 78816 --- [accountservice] [SpringApplicationShutdownHook] o.s.boot.tomcat.GracefulShutdown         : Commencing graceful shutdown. Waiting for active requests to complete
2026-02-16T01:19:31.306+05:30  INFO 78816 --- [accountservice] [tomcat-shutdown] o.s.boot.tomcat.GracefulShutdown         : Graceful shutdown complete
2026-02-16T01:19:31.321+05:30  INFO 78816 --- [accountservice] [SpringApplicationShutdownHook] j.LocalContainerEntityManagerFactoryBean : Closing JPA EntityManagerFactory for persistence unit 'default'
2026-02-16T01:19:31.351+05:30  INFO 78816 --- [accountservice] [SpringApplicationShutdownHook] com.zaxxer.hikari.HikariDataSource       : HikariPool-1 - Shutdown initiated...
2026-02-16T01:19:31.363+05:30  INFO 78816 --- [accountservice] [SpringApplicationShutdownHook] com.zaxxer.hikari.HikariDataSource       : HikariPool-1 - Shutdown completed.
2026-02-16T01:19:34.232+05:30  INFO 78915 --- [accountservice] [main] c.e.a.AccountserviceApplication          : Starting AccountserviceApplication using Java 17.0.12 with PID 78915 (/Users/sudhirtiwari/IdeaProjects/accountservice/target/classes started by sudhirtiwari in /Users/sudhirtiwari/IdeaProjects/accountservice)
2026-02-16T01:19:34.259+05:30  INFO 78915 --- [accountservice] [main] c.e.a.AccountserviceApplication          : No active profile set, falling back to 1 default profile: "default"
2026-02-16T01:19:34.805+05:30  INFO 78915 --- [accountservice] [main] .s.d.r.c.RepositoryConfigurationDelegate : Bootstrapping Spring Data JPA repositories in DEFAULT mode.
2026-02-16T01:19:34.830+05:30  INFO 78915 --- [accountservice] [main] .s.d.r.c.RepositoryConfigurationDelegate : Finished Spring Data repository scanning in 20 ms. Found 1 JPA repository interface.
2026-02-16T01:19:35.072+05:30  INFO 78915 --- [accountservice] [main] o.s.boot.tomcat.TomcatWebServer          : Tomcat initialized with port 8080 (http)
2026-02-16T01:19:35.078+05:30  INFO 78915 --- [accountservice] [main] o.apache.catalina.core.StandardService   : Starting service [Tomcat]
2026-02-16T01:19:35.078+05:30  INFO 78915 --- [accountservice] [main] o.apache.catalina.core.StandardEngine    : Starting Servlet engine: [Apache Tomcat/11.0.15]
2026-02-16T01:19:35.106+05:30  INFO 78915 --- [accountservice] [main] b.w.c.s.WebApplicationContextInitializer : Root WebApplicationContext: initialization completed in 762 ms
2026-02-16T01:19:35.194+05:30  INFO 78915 --- [accountservice] [main] org.hibernate.orm.jpa                    : HHH008540: Processing PersistenceUnitInfo [name: default]
2026-02-16T01:19:35.245+05:30  INFO 78915 --- [accountservice] [main] org.hibernate.orm.core                   : HHH000001: Hibernate ORM core version 7.2.1.Final
2026-02-16T01:19:35.482+05:30  INFO 78915 --- [accountservice] [main] o.s.o.j.p.SpringPersistenceUnitInfo      : No LoadTimeWeaver setup: ignoring JPA class transformer
2026-02-16T01:19:35.516+05:30  INFO 78915 --- [accountservice] [main] com.zaxxer.hikari.HikariDataSource       : HikariPool-1 - Starting...
2026-02-16T01:19:35.607+05:30  INFO 78915 --- [accountservice] [main] com.zaxxer.hikari.pool.HikariPool        : HikariPool-1 - Added connection conn0: url=jdbc:h2:mem:accountdb user=SA
2026-02-16T01:19:35.608+05:30  INFO 78915 --- [accountservice] [main] com.zaxxer.hikari.HikariDataSource       : HikariPool-1 - Start completed.
2026-02-16T01:19:35.620+05:30  WARN 78915 --- [accountservice] [main] org.hibernate.orm.deprecation            : HHH90000025: H2Dialect does not need to be specified explicitly using 'hibernate.dialect' (remove the property setting and it will be selected by default)
2026-02-16T01:19:35.630+05:30  INFO 78915 --- [accountservice] [main] org.hibernate.orm.connections.pooling    : HHH10001005: Database info:
	Database JDBC URL [jdbc:h2:mem:accountdb]
	Database driver: H2 JDBC Driver
	Database dialect: H2Dialect
	Database version: 2.4.240
	Default catalog/schema: ACCOUNTDB/PUBLIC
	Autocommit mode: undefined/unknown
	Isolation level: READ_COMMITTED [default READ_COMMITTED]
	JDBC fetch size: 100
	Pool: DataSourceConnectionProvider
	Minimum pool size: undefined/unknown
	Maximum pool size: undefined/unknown
2026-02-16T01:19:36.031+05:30  INFO 78915 --- [accountservice] [main] org.hibernate.orm.core                   : HHH000489: No JTA platform available (set 'hibernate.transaction.jta.platform' to enable JTA platform integration)
2026-02-16T01:19:36.058+05:30  INFO 78915 --- [accountservice] [main] j.LocalContainerEntityManagerFactoryBean : Initialized JPA EntityManagerFactory for persistence unit 'default'
2026-02-16T01:19:36.102+05:30  INFO 78915 --- [accountservice] [main] o.s.d.j.r.query.QueryEnhancerFactories   : Hibernate is in classpath; If applicable, HQL parser will be used.
2026-02-16T01:19:36.193+05:30  WARN 78915 --- [accountservice] [main] JpaBaseConfiguration$JpaWebConfiguration : spring.jpa.open-in-view is enabled by default. Therefore, database queries may be performed during view rendering. Explicitly configure spring.jpa.open-in-view to disable this warning
2026-02-16T01:19:36.211+05:30  INFO 78915 --- [accountservice] [main] o.s.v.b.OptionalValidatorFactoryBean     : Failed to set up a Bean Validation provider: jakarta.validation.NoProviderFoundException: Unable to create a Configuration, because no Jakarta Validation provider could be found. Add a provider like Hibernate Validator (RI) to your classpath.
2026-02-16T01:19:36.358+05:30  INFO 78915 --- [accountservice] [main] o.s.b.h.a.H2ConsoleAutoConfiguration     : H2 console available at '/h2-console'. Database available at 'jdbc:h2:mem:accountdb'
2026-02-16T01:19:36.391+05:30  INFO 78915 --- [accountservice] [main] o.s.boot.tomcat.TomcatWebServer          : Tomcat started on port 8080 (http) with context path '/'
2026-02-16T01:19:36.396+05:30  INFO 78915 --- [accountservice] [main] c.e.a.AccountserviceApplication          : Started AccountserviceApplication in 2.905 seconds (process running for 3.197)
2026-02-16T01:19:36.397+05:30  INFO 78915 --- [accountservice] [main] c.e.a.config.DataInitializer             : Preloading H2 Database with sample accounts...
2026-02-16T01:19:36.454+05:30  INFO 78915 --- [accountservice] [main] c.e.a.config.DataInitializer             : H2 Database seeding complete.
2026-02-16T01:20:17.060+05:30  INFO 78915 --- [accountservice] [http-nio-8080-exec-1] o.a.c.c.C.[Tomcat].[localhost].[/]       : Initializing Spring DispatcherServlet 'dispatcherServlet'
2026-02-16T01:20:17.060+05:30  INFO 78915 --- [accountservice] [http-nio-8080-exec-1] o.s.web.servlet.DispatcherServlet        : Initializing Servlet 'dispatcherServlet'
2026-02-16T01:20:17.069+05:30  INFO 78915 --- [accountservice] [http-nio-8080-exec-1] o.s.web.servlet.DispatcherServlet        : Completed initialization in 7 ms
2026-02-16T01:20:17.227+05:30 ERROR 78915 --- [accountservice] [http-nio-8080-exec-3] c.e.a.exception.GlobalExceptionHandler   : An unexpected error occurred: 

jakarta.servlet.ServletException: Handler dispatch failed: java.lang.NoSuchMethodError: 'void org.springframework.web.method.ControllerAdviceBean.<init>(java.lang.Object)'
	at org.springframework.web.servlet.DispatcherServlet.doDispatch(DispatcherServlet.java:978) ~[spring-webmvc-7.0.3.jar:7.0.3]
	at org.springframework.web.servlet.DispatcherServlet.doService(DispatcherServlet.java:866) ~[spring-webmvc-7.0.3.jar:7.0.3]
	at org.springframework.web.servlet.FrameworkServlet.processRequest(FrameworkServlet.java:1003) ~[spring-webmvc-7.0.3.jar:7.0.3]
	at org.springframework.web.servlet.FrameworkServlet.doGet(FrameworkServlet.java:892) ~[spring-webmvc-7.0.3.jar:7.0.3]
	at jakarta.servlet.http.HttpServlet.service(HttpServlet.java:633) ~[jakarta.servlet-api-6.1.0.jar:6.1.0]
	at org.springframework.web.servlet.FrameworkServlet.service(FrameworkServlet.java:874) ~[spring-webmvc-7.0.3.jar:7.0.3]
	at jakarta.servlet.http.HttpServlet.service(HttpServlet.java:723) ~[jakarta.servlet-api-6.1.0.jar:6.1.0]
	at org.apache.catalina.core.ApplicationFilterChain.doFilter(ApplicationFilterChain.java:128) ~[tomcat-embed-core-11.0.15.jar:11.0.15]
	at org.apache.tomcat.websocket.server.WsFilter.doFilter(WsFilter.java:53) ~[tomcat-embed-websocket-11.0.15.jar:11.0.15]
	at org.apache.catalina.core.ApplicationFilterChain.doFilter(ApplicationFilterChain.java:107) ~[tomcat-embed-core-11.0.15.jar:11.0.15]
	at org.springframework.web.filter.RequestContextFilter.doFilterInternal(RequestContextFilter.java:100) ~[spring-web-7.0.3.jar:7.0.3]
	at org.springframework.web.filter.OncePerRequestFilter.doFilter(OncePerRequestFilter.java:116) ~[spring-web-7.0.3.jar:7.0.3]
	at org.apache.catalina.core.ApplicationFilterChain.doFilter(ApplicationFilterChain.java:107) ~[tomcat-embed-core-11.0.15.jar:11.0.15]
	at org.springframework.web.filter.FormContentFilter.doFilterInternal(FormContentFilter.java:93) ~[spring-web-7.0.3.jar:7.0.3]
	at org.springframework.web.filter.OncePerRequestFilter.doFilter(OncePerRequestFilter.java:116) ~[spring-web-7.0.3.jar:7.0.3]
	at org.apache.catalina.core.ApplicationFilterChain.doFilter(ApplicationFilterChain.java:107) ~[tomcat-embed-core-11.0.15.jar:11.0.15]
	at org.springframework.web.filter.CharacterEncodingFilter.doFilterInternal(CharacterEncodingFilter.java:199) ~[spring-web-7.0.3.jar:7.0.3]
	at org.springframework.web.filter.OncePerRequestFilter.doFilter(OncePerRequestFilter.java:116) ~[spring-web-7.0.3.jar:7.0.3]
	at org.apache.catalina.core.ApplicationFilterChain.doFilter(ApplicationFilterChain.java:107) ~[tomcat-embed-core-11.0.15.jar:11.0.15]
	at org.apache.catalina.core.StandardWrapperValve.invoke(StandardWrapperValve.java:165) ~[tomcat-embed-core-11.0.15.jar:11.0.15]
	at org.apache.catalina.core.StandardContextValve.invoke(StandardContextValve.java:77) ~[tomcat-embed-core-11.0.15.jar:11.0.15]
	at org.apache.catalina.authenticator.AuthenticatorBase.invoke(AuthenticatorBase.java:482) ~[tomcat-embed-core-11.0.15.jar:11.0.15]
	at org.apache.catalina.core.StandardHostValve.invoke(StandardHostValve.java:113) ~[tomcat-embed-core-11.0.15.jar:11.0.15]
	at org.apache.catalina.valves.ErrorReportValve.invoke(ErrorReportValve.java:83) ~[tomcat-embed-core-11.0.15.jar:11.0.15]
	at org.apache.catalina.core.StandardEngineValve.invoke(StandardEngineValve.java:72) ~[tomcat-embed-core-11.0.15.jar:11.0.15]
	at org.apache.catalina.connector.CoyoteAdapter.service(CoyoteAdapter.java:341) ~[tomcat-embed-core-11.0.15.jar:11.0.15]
	at org.apache.coyote.http11.Http11Processor.service(Http11Processor.java:397) ~[tomcat-embed-core-11.0.15.jar:11.0.15]
	at org.apache.coyote.AbstractProcessorLight.process(AbstractProcessorLight.java:63) ~[tomcat-embed-core-11.0.15.jar:11.0.15]
	at org.apache.coyote.AbstractProtocol$ConnectionHandler.process(AbstractProtocol.java:903) ~[tomcat-embed-core-11.0.15.jar:11.0.15]
	at org.apache.tomcat.util.net.NioEndpoint$SocketProcessor.doRun(NioEndpoint.java:1778) ~[tomcat-embed-core-11.0.15.jar:11.0.15]
	at org.apache.tomcat.util.net.SocketProcessorBase.run(SocketProcessorBase.java:52) ~[tomcat-embed-core-11.0.15.jar:11.0.15]
	at org.apache.tomcat.util.threads.ThreadPoolExecutor.runWorker(ThreadPoolExecutor.java:946) ~[tomcat-embed-core-11.0.15.jar:11.0.15]
	at org.apache.tomcat.util.threads.ThreadPoolExecutor$Worker.run(ThreadPoolExecutor.java:480) ~[tomcat-embed-core-11.0.15.jar:11.0.15]
	at org.apache.tomcat.util.threads.TaskThread$WrappingRunnable.run(TaskThread.java:57) ~[tomcat-embed-core-11.0.15.jar:11.0.15]
	at java.base/java.lang.Thread.run(Thread.java:840) ~[na:na]
Caused by: java.lang.NoSuchMethodError: 'void org.springframework.web.method.ControllerAdviceBean.<init>(java.lang.Object)'
	at org.springdoc.core.service.GenericResponseService.lambda$getGenericMapResponse$8(GenericResponseService.java:702) ~[springdoc-openapi-starter-common-2.3.0.jar:2.3.0]
	at java.base/java.util.stream.ReferencePipeline$2$1.accept(ReferencePipeline.java:178) ~[na:na]
	at java.base/java.util.Spliterators$ArraySpliterator.forEachRemaining(Spliterators.java:992) ~[na:na]
	at java.base/java.util.stream.AbstractPipeline.copyInto(AbstractPipeline.java:509) ~[na:na]
	at java.base/java.util.stream.AbstractPipeline.wrapAndCopyInto(AbstractPipeline.java:499) ~[na:na]
	at java.base/java.util.stream.AbstractPipeline.evaluate(AbstractPipeline.java:575) ~[na:na]
	at java.base/java.util.stream.AbstractPipeline.evaluateToArrayNode(AbstractPipeline.java:260) ~[na:na]
	at java.base/java.util.stream.ReferencePipeline.toArray(ReferencePipeline.java:616) ~[na:na]
	at java.base/java.util.stream.ReferencePipeline.toArray(ReferencePipeline.java:622) ~[na:na]
	at java.base/java.util.stream.ReferencePipeline.toList(ReferencePipeline.java:627) ~[na:na]
	at org.springdoc.core.service.GenericResponseService.getGenericMapResponse(GenericResponseService.java:704) ~[springdoc-openapi-starter-common-2.3.0.jar:2.3.0]
	at org.springdoc.core.service.GenericResponseService.build(GenericResponseService.java:246) ~[springdoc-openapi-starter-common-2.3.0.jar:2.3.0]
	at org.springdoc.api.AbstractOpenApiResource.calculatePath(AbstractOpenApiResource.java:499) ~[springdoc-openapi-starter-common-2.3.0.jar:2.3.0]
	at org.springdoc.api.AbstractOpenApiResource.calculatePath(AbstractOpenApiResource.java:676) ~[springdoc-openapi-starter-common-2.3.0.jar:2.3.0]
	at org.springdoc.webmvc.api.OpenApiResource.lambda$calculatePath$11(OpenApiResource.java:219) ~[springdoc-openapi-starter-webmvc-api-2.3.0.jar:2.3.0]
	at java.base/java.util.Optional.ifPresent(Optional.java:178) ~[na:na]
	at org.springdoc.webmvc.api.OpenApiResource.calculatePath(OpenApiResource.java:200) ~[springdoc-openapi-starter-webmvc-api-2.3.0.jar:2.3.0]
	at org.springdoc.webmvc.api.OpenApiResource.lambda$getPaths$2(OpenApiResource.java:170) ~[springdoc-openapi-starter-webmvc-api-2.3.0.jar:2.3.0]
	at java.base/java.util.Optional.ifPresent(Optional.java:178) ~[na:na]
	at org.springdoc.webmvc.api.OpenApiResource.getPaths(OpenApiResource.java:149) ~[springdoc-openapi-starter-webmvc-api-2.3.0.jar:2.3.0]
	at org.springdoc.api.AbstractOpenApiResource.getOpenApi(AbstractOpenApiResource.java:353) ~[springdoc-openapi-starter-common-2.3.0.jar:2.3.0]
	at org.springdoc.webmvc.api.OpenApiResource.openapiJson(OpenApiResource.java:124) ~[springdoc-openapi-starter-webmvc-api-2.3.0.jar:2.3.0]
	at org.springdoc.webmvc.api.OpenApiWebMvcResource.openapiJson(OpenApiWebMvcResource.java:111) ~[springdoc-openapi-starter-webmvc-api-2.3.0.jar:2.3.0]
	at java.base/jdk.internal.reflect.NativeMethodAccessorImpl.invoke0(Native Method) ~[na:na]
	at java.base/jdk.internal.reflect.NativeMethodAccessorImpl.invoke(NativeMethodAccessorImpl.java:77) ~[na:na]
	at java.base/jdk.internal.reflect.DelegatingMethodAccessorImpl.invoke(DelegatingMethodAccessorImpl.java:43) ~[na:na]
	at java.base/java.lang.reflect.Method.invoke(Method.java:569) ~[na:na]
	at org.springframework.web.method.support.InvocableHandlerMethod.doInvoke(InvocableHandlerMethod.java:258) ~[spring-web-7.0.3.jar:7.0.3]
	at org.springframework.web.method.support.InvocableHandlerMethod.invokeForRequest(InvocableHandlerMethod.java:190) ~[spring-web-7.0.3.jar:7.0.3]
	at org.springframework.web.servlet.mvc.method.annotation.ServletInvocableHandlerMethod.invokeAndHandle(ServletInvocableHandlerMethod.java:117) ~[spring-webmvc-7.0.3.jar:7.0.3]
	at org.springframework.web.servlet.mvc.method.annotation.RequestMappingHandlerAdapter.invokeHandlerMethod(RequestMappingHandlerAdapter.java:934) ~[spring-webmvc-7.0.3.jar:7.0.3]
	at org.springframework.web.servlet.mvc.method.annotation.RequestMappingHandlerAdapter.handleInternal(RequestMappingHandlerAdapter.java:853) ~[spring-webmvc-7.0.3.jar:7.0.3]
	at org.springframework.web.servlet.mvc.method.AbstractHandlerMethodAdapter.handle(AbstractHandlerMethodAdapter.java:86) ~[spring-webmvc-7.0.3.jar:7.0.3]
	at org.springframework.web.servlet.DispatcherServlet.doDispatch(DispatcherServlet.java:963) ~[spring-webmvc-7.0.3.jar:7.0.3]
	... 34 common frames omitted

2026-02-16T01:20:51.027+05:30 ERROR 78915 --- [accountservice] [http-nio-8080-exec-7] c.e.a.exception.GlobalExceptionHandler   : An unexpected error occurred: 

jakarta.servlet.ServletException: Handler dispatch failed: java.lang.NoSuchMethodError: 'void org.springframework.web.method.ControllerAdviceBean.<init>(java.lang.Object)'
	at org.springframework.web.servlet.DispatcherServlet.doDispatch(DispatcherServlet.java:978) ~[spring-webmvc-7.0.3.jar:7.0.3]
	at org.springframework.web.servlet.DispatcherServlet.doService(DispatcherServlet.java:866) ~[spring-webmvc-7.0.3.jar:7.0.3]
	at org.springframework.web.servlet.FrameworkServlet.processRequest(FrameworkServlet.java:1003) ~[spring-webmvc-7.0.3.jar:7.0.3]
	at org.springframework.web.servlet.FrameworkServlet.doGet(FrameworkServlet.java:892) ~[spring-webmvc-7.0.3.jar:7.0.3]
	at jakarta.servlet.http.HttpServlet.service(HttpServlet.java:633) ~[jakarta.servlet-api-6.1.0.jar:6.1.0]
	at org.springframework.web.servlet.FrameworkServlet.service(FrameworkServlet.java:874) ~[spring-webmvc-7.0.3.jar:7.0.3]
	at jakarta.servlet.http.HttpServlet.service(HttpServlet.java:723) ~[jakarta.servlet-api-6.1.0.jar:6.1.0]
	at org.apache.catalina.core.ApplicationFilterChain.doFilter(ApplicationFilterChain.java:128) ~[tomcat-embed-core-11.0.15.jar:11.0.15]
	at org.apache.tomcat.websocket.server.WsFilter.doFilter(WsFilter.java:53) ~[tomcat-embed-websocket-11.0.15.jar:11.0.15]
	at org.apache.catalina.core.ApplicationFilterChain.doFilter(ApplicationFilterChain.java:107) ~[tomcat-embed-core-11.0.15.jar:11.0.15]
	at org.springframework.web.filter.RequestContextFilter.doFilterInternal(RequestContextFilter.java:100) ~[spring-web-7.0.3.jar:7.0.3]
	at org.springframework.web.filter.OncePerRequestFilter.doFilter(OncePerRequestFilter.java:116) ~[spring-web-7.0.3.jar:7.0.3]
	at org.apache.catalina.core.ApplicationFilterChain.doFilter(ApplicationFilterChain.java:107) ~[tomcat-embed-core-11.0.15.jar:11.0.15]
	at org.springframework.web.filter.FormContentFilter.doFilterInternal(FormContentFilter.java:93) ~[spring-web-7.0.3.jar:7.0.3]
	at org.springframework.web.filter.OncePerRequestFilter.doFilter(OncePerRequestFilter.java:116) ~[spring-web-7.0.3.jar:7.0.3]
	at org.apache.catalina.core.ApplicationFilterChain.doFilter(ApplicationFilterChain.java:107) ~[tomcat-embed-core-11.0.15.jar:11.0.15]
	at org.springframework.web.filter.CharacterEncodingFilter.doFilterInternal(CharacterEncodingFilter.java:199) ~[spring-web-7.0.3.jar:7.0.3]
	at org.springframework.web.filter.OncePerRequestFilter.doFilter(OncePerRequestFilter.java:116) ~[spring-web-7.0.3.jar:7.0.3]
	at org.apache.catalina.core.ApplicationFilterChain.doFilter(ApplicationFilterChain.java:107) ~[tomcat-embed-core-11.0.15.jar:11.0.15]
	at org.apache.catalina.core.StandardWrapperValve.invoke(StandardWrapperValve.java:165) ~[tomcat-embed-core-11.0.15.jar:11.0.15]
	at org.apache.catalina.core.StandardContextValve.invoke(StandardContextValve.java:77) ~[tomcat-embed-core-11.0.15.jar:11.0.15]
	at org.apache.catalina.authenticator.AuthenticatorBase.invoke(AuthenticatorBase.java:482) ~[tomcat-embed-core-11.0.15.jar:11.0.15]
	at org.apache.catalina.core.StandardHostValve.invoke(StandardHostValve.java:113) ~[tomcat-embed-core-11.0.15.jar:11.0.15]
	at org.apache.catalina.valves.ErrorReportValve.invoke(ErrorReportValve.java:83) ~[tomcat-embed-core-11.0.15.jar:11.0.15]
	at org.apache.catalina.core.StandardEngineValve.invoke(StandardEngineValve.java:72) ~[tomcat-embed-core-11.0.15.jar:11.0.15]
	at org.apache.catalina.connector.CoyoteAdapter.service(CoyoteAdapter.java:341) ~[tomcat-embed-core-11.0.15.jar:11.0.15]
	at org.apache.coyote.http11.Http11Processor.service(Http11Processor.java:397) ~[tomcat-embed-core-11.0.15.jar:11.0.15]
	at org.apache.coyote.AbstractProcessorLight.process(AbstractProcessorLight.java:63) ~[tomcat-embed-core-11.0.15.jar:11.0.15]
	at org.apache.coyote.AbstractProtocol$ConnectionHandler.process(AbstractProtocol.java:903) ~[tomcat-embed-core-11.0.15.jar:11.0.15]
	at org.apache.tomcat.util.net.NioEndpoint$SocketProcessor.doRun(NioEndpoint.java:1778) ~[tomcat-embed-core-11.0.15.jar:11.0.15]
	at org.apache.tomcat.util.net.SocketProcessorBase.run(SocketProcessorBase.java:52) ~[tomcat-embed-core-11.0.15.jar:11.0.15]
	at org.apache.tomcat.util.threads.ThreadPoolExecutor.runWorker(ThreadPoolExecutor.java:946) ~[tomcat-embed-core-11.0.15.jar:11.0.15]
	at org.apache.tomcat.util.threads.ThreadPoolExecutor$Worker.run(ThreadPoolExecutor.java:480) ~[tomcat-embed-core-11.0.15.jar:11.0.15]
	at org.apache.tomcat.util.threads.TaskThread$WrappingRunnable.run(TaskThread.java:57) ~[tomcat-embed-core-11.0.15.jar:11.0.15]
	at java.base/java.lang.Thread.run(Thread.java:840) ~[na:na]
Caused by: java.lang.NoSuchMethodError: 'void org.springframework.web.method.ControllerAdviceBean.<init>(java.lang.Object)'
	at org.springdoc.core.service.GenericResponseService.lambda$getGenericMapResponse$8(GenericResponseService.java:702) ~[springdoc-openapi-starter-common-2.3.0.jar:2.3.0]
	at java.base/java.util.stream.ReferencePipeline$2$1.accept(ReferencePipeline.java:178) ~[na:na]
	at java.base/java.util.Spliterators$ArraySpliterator.forEachRemaining(Spliterators.java:992) ~[na:na]
	at java.base/java.util.stream.AbstractPipeline.copyInto(AbstractPipeline.java:509) ~[na:na]
	at java.base/java.util.stream.AbstractPipeline.wrapAndCopyInto(AbstractPipeline.java:499) ~[na:na]
	at java.base/java.util.stream.AbstractPipeline.evaluate(AbstractPipeline.java:575) ~[na:na]
	at java.base/java.util.stream.AbstractPipeline.evaluateToArrayNode(AbstractPipeline.java:260) ~[na:na]
	at java.base/java.util.stream.ReferencePipeline.toArray(ReferencePipeline.java:616) ~[na:na]
	at java.base/java.util.stream.ReferencePipeline.toArray(ReferencePipeline.java:622) ~[na:na]
	at java.base/java.util.stream.ReferencePipeline.toList(ReferencePipeline.java:627) ~[na:na]
	at org.springdoc.core.service.GenericResponseService.getGenericMapResponse(GenericResponseService.java:704) ~[springdoc-openapi-starter-common-2.3.0.jar:2.3.0]
	at org.springdoc.core.service.GenericResponseService.build(GenericResponseService.java:246) ~[springdoc-openapi-starter-common-2.3.0.jar:2.3.0]
	at org.springdoc.api.AbstractOpenApiResource.calculatePath(AbstractOpenApiResource.java:499) ~[springdoc-openapi-starter-common-2.3.0.jar:2.3.0]
	at org.springdoc.api.AbstractOpenApiResource.calculatePath(AbstractOpenApiResource.java:676) ~[springdoc-openapi-starter-common-2.3.0.jar:2.3.0]
	at org.springdoc.webmvc.api.OpenApiResource.lambda$calculatePath$11(OpenApiResource.java:219) ~[springdoc-openapi-starter-webmvc-api-2.3.0.jar:2.3.0]
	at java.base/java.util.Optional.ifPresent(Optional.java:178) ~[na:na]
	at org.springdoc.webmvc.api.OpenApiResource.calculatePath(OpenApiResource.java:200) ~[springdoc-openapi-starter-webmvc-api-2.3.0.jar:2.3.0]
	at org.springdoc.webmvc.api.OpenApiResource.lambda$getPaths$2(OpenApiResource.java:170) ~[springdoc-openapi-starter-webmvc-api-2.3.0.jar:2.3.0]
	at java.base/java.util.Optional.ifPresent(Optional.java:178) ~[na:na]
	at org.springdoc.webmvc.api.OpenApiResource.getPaths(OpenApiResource.java:149) ~[springdoc-openapi-starter-webmvc-api-2.3.0.jar:2.3.0]
	at org.springdoc.api.AbstractOpenApiResource.getOpenApi(AbstractOpenApiResource.java:353) ~[springdoc-openapi-starter-common-2.3.0.jar:2.3.0]
	at org.springdoc.webmvc.api.OpenApiResource.openapiJson(OpenApiResource.java:124) ~[springdoc-openapi-starter-webmvc-api-2.3.0.jar:2.3.0]
	at org.springdoc.webmvc.api.OpenApiWebMvcResource.openapiJson(OpenApiWebMvcResource.java:111) ~[springdoc-openapi-starter-webmvc-api-2.3.0.jar:2.3.0]
	at java.base/jdk.internal.reflect.NativeMethodAccessorImpl.invoke0(Native Method) ~[na:na]
	at java.base/jdk.internal.reflect.NativeMethodAccessorImpl.invoke(NativeMethodAccessorImpl.java:77) ~[na:na]
	at java.base/jdk.internal.reflect.DelegatingMethodAccessorImpl.invoke(DelegatingMethodAccessorImpl.java:43) ~[na:na]
	at java.base/java.lang.reflect.Method.invoke(Method.java:569) ~[na:na]
	at org.springframework.web.method.support.InvocableHandlerMethod.doInvoke(InvocableHandlerMethod.java:258) ~[spring-web-7.0.3.jar:7.0.3]
	at org.springframework.web.method.support.InvocableHandlerMethod.invokeForRequest(InvocableHandlerMethod.java:190) ~[spring-web-7.0.3.jar:7.0.3]
	at org.springframework.web.servlet.mvc.method.annotation.ServletInvocableHandlerMethod.invokeAndHandle(ServletInvocableHandlerMethod.java:117) ~[spring-webmvc-7.0.3.jar:7.0.3]
	at org.springframework.web.servlet.mvc.method.annotation.RequestMappingHandlerAdapter.invokeHandlerMethod(RequestMappingHandlerAdapter.java:934) ~[spring-webmvc-7.0.3.jar:7.0.3]
	at org.springframework.web.servlet.mvc.method.annotation.RequestMappingHandlerAdapter.handleInternal(RequestMappingHandlerAdapter.java:853) ~[spring-webmvc-7.0.3.jar:7.0.3]
	at org.springframework.web.servlet.mvc.method.AbstractHandlerMethodAdapter.handle(AbstractHandlerMethodAdapter.java:86) ~[spring-webmvc-7.0.3.jar:7.0.3]
	at org.springframework.web.servlet.DispatcherServlet.doDispatch(DispatcherServlet.java:963) ~[spring-webmvc-7.0.3.jar:7.0.3]
	... 34 common frames omitted

2026-02-16T01:25:46.561+05:30  INFO 78915 --- [accountservice] [SpringApplicationShutdownHook] o.s.boot.tomcat.GracefulShutdown         : Commencing graceful shutdown. Waiting for active requests to complete
2026-02-16T01:25:46.600+05:30  INFO 78915 --- [accountservice] [tomcat-shutdown] o.s.boot.tomcat.GracefulShutdown         : Graceful shutdown complete
2026-02-16T01:25:46.634+05:30  INFO 78915 --- [accountservice] [SpringApplicationShutdownHook] j.LocalContainerEntityManagerFactoryBean : Closing JPA EntityManagerFactory for persistence unit 'default'
2026-02-16T01:25:46.713+05:30  INFO 78915 --- [accountservice] [SpringApplicationShutdownHook] com.zaxxer.hikari.HikariDataSource       : HikariPool-1 - Shutdown initiated...
2026-02-16T01:25:46.736+05:30  INFO 78915 --- [accountservice] [SpringApplicationShutdownHook] com.zaxxer.hikari.HikariDataSource       : HikariPool-1 - Shutdown completed.
2026-02-16T01:25:50.066+05:30  INFO 79021 --- [accountservice] [main] c.e.a.AccountserviceApplication          : Starting AccountserviceApplication using Java 17.0.12 with PID 79021 (/Users/sudhirtiwari/IdeaProjects/accountservice/target/classes started by sudhirtiwari in /Users/sudhirtiwari/IdeaProjects/accountservice)
2026-02-16T01:25:50.068+05:30  INFO 79021 --- [accountservice] [main] c.e.a.AccountserviceApplication          : No active profile set, falling back to 1 default profile: "default"
2026-02-16T01:25:50.455+05:30  INFO 79021 --- [accountservice] [main] .s.d.r.c.RepositoryConfigurationDelegate : Bootstrapping Spring Data JPA repositories in DEFAULT mode.
2026-02-16T01:25:50.482+05:30  INFO 79021 --- [accountservice] [main] .s.d.r.c.RepositoryConfigurationDelegate : Finished Spring Data repository scanning in 21 ms. Found 1 JPA repository interface.
2026-02-16T01:25:50.754+05:30  INFO 79021 --- [accountservice] [main] o.s.boot.tomcat.TomcatWebServer          : Tomcat initialized with port 8080 (http)
2026-02-16T01:25:50.763+05:30  INFO 79021 --- [accountservice] [main] o.apache.catalina.core.StandardService   : Starting service [Tomcat]
2026-02-16T01:25:50.764+05:30  INFO 79021 --- [accountservice] [main] o.apache.catalina.core.StandardEngine    : Starting Servlet engine: [Apache Tomcat/11.0.15]
2026-02-16T01:25:50.801+05:30  INFO 79021 --- [accountservice] [main] b.w.c.s.WebApplicationContextInitializer : Root WebApplicationContext: initialization completed in 709 ms
2026-02-16T01:25:50.943+05:30  INFO 79021 --- [accountservice] [main] org.hibernate.orm.jpa                    : HHH008540: Processing PersistenceUnitInfo [name: default]
2026-02-16T01:25:50.997+05:30  INFO 79021 --- [accountservice] [main] org.hibernate.orm.core                   : HHH000001: Hibernate ORM core version 7.2.1.Final
2026-02-16T01:25:51.356+05:30  INFO 79021 --- [accountservice] [main] o.s.o.j.p.SpringPersistenceUnitInfo      : No LoadTimeWeaver setup: ignoring JPA class transformer
2026-02-16T01:25:51.395+05:30  INFO 79021 --- [accountservice] [main] com.zaxxer.hikari.HikariDataSource       : HikariPool-1 - Starting...
2026-02-16T01:25:51.545+05:30  INFO 79021 --- [accountservice] [main] com.zaxxer.hikari.pool.HikariPool        : HikariPool-1 - Added connection conn0: url=jdbc:h2:mem:accountdb user=SA
2026-02-16T01:25:51.546+05:30  INFO 79021 --- [accountservice] [main] com.zaxxer.hikari.HikariDataSource       : HikariPool-1 - Start completed.
2026-02-16T01:25:51.569+05:30  WARN 79021 --- [accountservice] [main] org.hibernate.orm.deprecation            : HHH90000025: H2Dialect does not need to be specified explicitly using 'hibernate.dialect' (remove the property setting and it will be selected by default)
2026-02-16T01:25:51.584+05:30  INFO 79021 --- [accountservice] [main] org.hibernate.orm.connections.pooling    : HHH10001005: Database info:
	Database JDBC URL [jdbc:h2:mem:accountdb]
	Database driver: H2 JDBC Driver
	Database dialect: H2Dialect
	Database version: 2.4.240
	Default catalog/schema: ACCOUNTDB/PUBLIC
	Autocommit mode: undefined/unknown
	Isolation level: READ_COMMITTED [default READ_COMMITTED]
	JDBC fetch size: 100
	Pool: DataSourceConnectionProvider
	Minimum pool size: undefined/unknown
	Maximum pool size: undefined/unknown
2026-02-16T01:25:52.295+05:30  INFO 79021 --- [accountservice] [main] org.hibernate.orm.core                   : HHH000489: No JTA platform available (set 'hibernate.transaction.jta.platform' to enable JTA platform integration)
2026-02-16T01:25:52.334+05:30  INFO 79021 --- [accountservice] [main] j.LocalContainerEntityManagerFactoryBean : Initialized JPA EntityManagerFactory for persistence unit 'default'
2026-02-16T01:25:52.417+05:30  INFO 79021 --- [accountservice] [main] o.s.d.j.r.query.QueryEnhancerFactories   : Hibernate is in classpath; If applicable, HQL parser will be used.
2026-02-16T01:25:52.533+05:30  WARN 79021 --- [accountservice] [main] JpaBaseConfiguration$JpaWebConfiguration : spring.jpa.open-in-view is enabled by default. Therefore, database queries may be performed during view rendering. Explicitly configure spring.jpa.open-in-view to disable this warning
2026-02-16T01:25:52.555+05:30  INFO 79021 --- [accountservice] [main] o.s.v.b.OptionalValidatorFactoryBean     : Failed to set up a Bean Validation provider: jakarta.validation.NoProviderFoundException: Unable to create a Configuration, because no Jakarta Validation provider could be found. Add a provider like Hibernate Validator (RI) to your classpath.
2026-02-16T01:25:52.724+05:30  INFO 79021 --- [accountservice] [main] o.s.b.h.a.H2ConsoleAutoConfiguration     : H2 console available at '/h2-console'. Database available at 'jdbc:h2:mem:accountdb'
2026-02-16T01:25:52.763+05:30  INFO 79021 --- [accountservice] [main] o.s.boot.tomcat.TomcatWebServer          : Tomcat started on port 8080 (http) with context path '/'
2026-02-16T01:25:52.768+05:30  INFO 79021 --- [accountservice] [main] c.e.a.AccountserviceApplication          : Started AccountserviceApplication in 3.089 seconds (process running for 3.529)
2026-02-16T01:25:52.769+05:30  INFO 79021 --- [accountservice] [main] c.e.a.config.DataInitializer             : Preloading H2 Database with sample accounts...
2026-02-16T01:25:52.848+05:30  INFO 79021 --- [accountservice] [main] c.e.a.config.DataInitializer             : H2 Database seeding complete.
2026-02-16T01:25:59.296+05:30  INFO 79021 --- [accountservice] [http-nio-8080-exec-1] o.a.c.c.C.[Tomcat].[localhost].[/]       : Initializing Spring DispatcherServlet 'dispatcherServlet'
2026-02-16T01:25:59.297+05:30  INFO 79021 --- [accountservice] [http-nio-8080-exec-1] o.s.web.servlet.DispatcherServlet        : Initializing Servlet 'dispatcherServlet'
2026-02-16T01:25:59.302+05:30  INFO 79021 --- [accountservice] [http-nio-8080-exec-1] o.s.web.servlet.DispatcherServlet        : Completed initialization in 4 ms
2026-02-16T01:25:59.335+05:30  INFO 79021 --- [accountservice] [http-nio-8080-exec-1] c.e.a.controller.AccountController       : Received API request to fetch account: 1001
2026-02-16T01:25:59.336+05:30  INFO 79021 --- [accountservice] [http-nio-8080-exec-1] c.e.a.service.AccountService             : Initiating fetch for account number: 1001
2026-02-16T01:26:04.568+05:30  INFO 79021 --- [accountservice] [http-nio-8080-exec-4] c.e.a.controller.AccountController       : Received API request to fetch account: 1001
2026-02-16T01:26:04.570+05:30  INFO 79021 --- [accountservice] [http-nio-8080-exec-4] c.e.a.service.AccountService             : Initiating fetch for account number: 1001
2026-02-16T01:26:06.407+05:30  INFO 79021 --- [accountservice] [http-nio-8080-exec-5] c.e.a.controller.AccountController       : Received API request to fetch account: 1001
2026-02-16T01:26:06.408+05:30  INFO 79021 --- [accountservice] [http-nio-8080-exec-5] c.e.a.service.AccountService             : Initiating fetch for account number: 1001
2026-02-16T01:26:47.599+05:30  INFO 79021 --- [accountservice] [http-nio-8080-exec-8] c.e.a.controller.AccountController       : Received API request to fetch account: 11001001
2026-02-16T01:26:47.601+05:30  INFO 79021 --- [accountservice] [http-nio-8080-exec-8] c.e.a.service.AccountService             : Initiating fetch for account number: 11001001
2026-02-16T01:26:47.611+05:30 ERROR 79021 --- [accountservice] [http-nio-8080-exec-8] c.e.a.service.AccountService             : Failed to find account details for account number: 11001001
2026-02-16T01:26:47.626+05:30  WARN 79021 --- [accountservice] [http-nio-8080-exec-8] c.e.a.exception.GlobalExceptionHandler   : Account not found exception triggered: No account found with account number: 11001001
2026-02-16T01:26:52.564+05:30  INFO 79021 --- [accountservice] [http-nio-8080-exec-6] c.e.a.controller.AccountController       : Received API request to fetch account: 1001
2026-02-16T01:26:52.565+05:30  INFO 79021 --- [accountservice] [http-nio-8080-exec-6] c.e.a.service.AccountService             : Initiating fetch for account number: 1001
2026-02-16T01:27:09.365+05:30 ERROR 79021 --- [accountservice] [http-nio-8080-exec-9] c.e.a.exception.GlobalExceptionHandler   : An unexpected error occurred: 

jakarta.servlet.ServletException: Handler dispatch failed: java.lang.NoSuchMethodError: 'void org.springframework.web.method.ControllerAdviceBean.<init>(java.lang.Object)'
	at org.springframework.web.servlet.DispatcherServlet.doDispatch(DispatcherServlet.java:978) ~[spring-webmvc-7.0.3.jar:7.0.3]
	at org.springframework.web.servlet.DispatcherServlet.doService(DispatcherServlet.java:866) ~[spring-webmvc-7.0.3.jar:7.0.3]
	at org.springframework.web.servlet.FrameworkServlet.processRequest(FrameworkServlet.java:1003) ~[spring-webmvc-7.0.3.jar:7.0.3]
	at org.springframework.web.servlet.FrameworkServlet.doGet(FrameworkServlet.java:892) ~[spring-webmvc-7.0.3.jar:7.0.3]
	at jakarta.servlet.http.HttpServlet.service(HttpServlet.java:633) ~[jakarta.servlet-api-6.1.0.jar:6.1.0]
	at org.springframework.web.servlet.FrameworkServlet.service(FrameworkServlet.java:874) ~[spring-webmvc-7.0.3.jar:7.0.3]
	at jakarta.servlet.http.HttpServlet.service(HttpServlet.java:723) ~[jakarta.servlet-api-6.1.0.jar:6.1.0]
	at org.apache.catalina.core.ApplicationFilterChain.doFilter(ApplicationFilterChain.java:128) ~[tomcat-embed-core-11.0.15.jar:11.0.15]
	at org.apache.tomcat.websocket.server.WsFilter.doFilter(WsFilter.java:53) ~[tomcat-embed-websocket-11.0.15.jar:11.0.15]
	at org.apache.catalina.core.ApplicationFilterChain.doFilter(ApplicationFilterChain.java:107) ~[tomcat-embed-core-11.0.15.jar:11.0.15]
	at org.springframework.web.filter.RequestContextFilter.doFilterInternal(RequestContextFilter.java:100) ~[spring-web-7.0.3.jar:7.0.3]
	at org.springframework.web.filter.OncePerRequestFilter.doFilter(OncePerRequestFilter.java:116) ~[spring-web-7.0.3.jar:7.0.3]
	at org.apache.catalina.core.ApplicationFilterChain.doFilter(ApplicationFilterChain.java:107) ~[tomcat-embed-core-11.0.15.jar:11.0.15]
	at org.springframework.web.filter.FormContentFilter.doFilterInternal(FormContentFilter.java:93) ~[spring-web-7.0.3.jar:7.0.3]
	at org.springframework.web.filter.OncePerRequestFilter.doFilter(OncePerRequestFilter.java:116) ~[spring-web-7.0.3.jar:7.0.3]
	at org.apache.catalina.core.ApplicationFilterChain.doFilter(ApplicationFilterChain.java:107) ~[tomcat-embed-core-11.0.15.jar:11.0.15]
	at org.springframework.web.filter.CharacterEncodingFilter.doFilterInternal(CharacterEncodingFilter.java:199) ~[spring-web-7.0.3.jar:7.0.3]
	at org.springframework.web.filter.OncePerRequestFilter.doFilter(OncePerRequestFilter.java:116) ~[spring-web-7.0.3.jar:7.0.3]
	at org.apache.catalina.core.ApplicationFilterChain.doFilter(ApplicationFilterChain.java:107) ~[tomcat-embed-core-11.0.15.jar:11.0.15]
	at org.apache.catalina.core.StandardWrapperValve.invoke(StandardWrapperValve.java:165) ~[tomcat-embed-core-11.0.15.jar:11.0.15]
	at org.apache.catalina.core.StandardContextValve.invoke(StandardContextValve.java:77) ~[tomcat-embed-core-11.0.15.jar:11.0.15]
	at org.apache.catalina.authenticator.AuthenticatorBase.invoke(AuthenticatorBase.java:482) ~[tomcat-embed-core-11.0.15.jar:11.0.15]
	at org.apache.catalina.core.StandardHostValve.invoke(StandardHostValve.java:113) ~[tomcat-embed-core-11.0.15.jar:11.0.15]
	at org.apache.catalina.valves.ErrorReportValve.invoke(ErrorReportValve.java:83) ~[tomcat-embed-core-11.0.15.jar:11.0.15]
	at org.apache.catalina.core.StandardEngineValve.invoke(StandardEngineValve.java:72) ~[tomcat-embed-core-11.0.15.jar:11.0.15]
	at org.apache.catalina.connector.CoyoteAdapter.service(CoyoteAdapter.java:341) ~[tomcat-embed-core-11.0.15.jar:11.0.15]
	at org.apache.coyote.http11.Http11Processor.service(Http11Processor.java:397) ~[tomcat-embed-core-11.0.15.jar:11.0.15]
	at org.apache.coyote.AbstractProcessorLight.process(AbstractProcessorLight.java:63) ~[tomcat-embed-core-11.0.15.jar:11.0.15]
	at org.apache.coyote.AbstractProtocol$ConnectionHandler.process(AbstractProtocol.java:903) ~[tomcat-embed-core-11.0.15.jar:11.0.15]
	at org.apache.tomcat.util.net.NioEndpoint$SocketProcessor.doRun(NioEndpoint.java:1778) ~[tomcat-embed-core-11.0.15.jar:11.0.15]
	at org.apache.tomcat.util.net.SocketProcessorBase.run(SocketProcessorBase.java:52) ~[tomcat-embed-core-11.0.15.jar:11.0.15]
	at org.apache.tomcat.util.threads.ThreadPoolExecutor.runWorker(ThreadPoolExecutor.java:946) ~[tomcat-embed-core-11.0.15.jar:11.0.15]
	at org.apache.tomcat.util.threads.ThreadPoolExecutor$Worker.run(ThreadPoolExecutor.java:480) ~[tomcat-embed-core-11.0.15.jar:11.0.15]
	at org.apache.tomcat.util.threads.TaskThread$WrappingRunnable.run(TaskThread.java:57) ~[tomcat-embed-core-11.0.15.jar:11.0.15]
	at java.base/java.lang.Thread.run(Thread.java:840) ~[na:na]
Caused by: java.lang.NoSuchMethodError: 'void org.springframework.web.method.ControllerAdviceBean.<init>(java.lang.Object)'
	at org.springdoc.core.service.GenericResponseService.lambda$getGenericMapResponse$8(GenericResponseService.java:702) ~[springdoc-openapi-starter-common-2.3.0.jar:2.3.0]
	at java.base/java.util.stream.ReferencePipeline$2$1.accept(ReferencePipeline.java:178) ~[na:na]
	at java.base/java.util.Spliterators$ArraySpliterator.forEachRemaining(Spliterators.java:992) ~[na:na]
	at java.base/java.util.stream.AbstractPipeline.copyInto(AbstractPipeline.java:509) ~[na:na]
	at java.base/java.util.stream.AbstractPipeline.wrapAndCopyInto(AbstractPipeline.java:499) ~[na:na]
	at java.base/java.util.stream.AbstractPipeline.evaluate(AbstractPipeline.java:575) ~[na:na]
	at java.base/java.util.stream.AbstractPipeline.evaluateToArrayNode(AbstractPipeline.java:260) ~[na:na]
	at java.base/java.util.stream.ReferencePipeline.toArray(ReferencePipeline.java:616) ~[na:na]
	at java.base/java.util.stream.ReferencePipeline.toArray(ReferencePipeline.java:622) ~[na:na]
	at java.base/java.util.stream.ReferencePipeline.toList(ReferencePipeline.java:627) ~[na:na]
	at org.springdoc.core.service.GenericResponseService.getGenericMapResponse(GenericResponseService.java:704) ~[springdoc-openapi-starter-common-2.3.0.jar:2.3.0]
	at org.springdoc.core.service.GenericResponseService.build(GenericResponseService.java:246) ~[springdoc-openapi-starter-common-2.3.0.jar:2.3.0]
	at org.springdoc.api.AbstractOpenApiResource.calculatePath(AbstractOpenApiResource.java:499) ~[springdoc-openapi-starter-common-2.3.0.jar:2.3.0]
	at org.springdoc.api.AbstractOpenApiResource.calculatePath(AbstractOpenApiResource.java:676) ~[springdoc-openapi-starter-common-2.3.0.jar:2.3.0]
	at org.springdoc.webmvc.api.OpenApiResource.lambda$calculatePath$11(OpenApiResource.java:219) ~[springdoc-openapi-starter-webmvc-api-2.3.0.jar:2.3.0]
	at java.base/java.util.Optional.ifPresent(Optional.java:178) ~[na:na]
	at org.springdoc.webmvc.api.OpenApiResource.calculatePath(OpenApiResource.java:200) ~[springdoc-openapi-starter-webmvc-api-2.3.0.jar:2.3.0]
	at org.springdoc.webmvc.api.OpenApiResource.lambda$getPaths$2(OpenApiResource.java:170) ~[springdoc-openapi-starter-webmvc-api-2.3.0.jar:2.3.0]
	at java.base/java.util.Optional.ifPresent(Optional.java:178) ~[na:na]
	at org.springdoc.webmvc.api.OpenApiResource.getPaths(OpenApiResource.java:149) ~[springdoc-openapi-starter-webmvc-api-2.3.0.jar:2.3.0]
	at org.springdoc.api.AbstractOpenApiResource.getOpenApi(AbstractOpenApiResource.java:353) ~[springdoc-openapi-starter-common-2.3.0.jar:2.3.0]
	at org.springdoc.webmvc.api.OpenApiResource.openapiJson(OpenApiResource.java:124) ~[springdoc-openapi-starter-webmvc-api-2.3.0.jar:2.3.0]
	at org.springdoc.webmvc.api.OpenApiWebMvcResource.openapiJson(OpenApiWebMvcResource.java:111) ~[springdoc-openapi-starter-webmvc-api-2.3.0.jar:2.3.0]
	at java.base/jdk.internal.reflect.NativeMethodAccessorImpl.invoke0(Native Method) ~[na:na]
	at java.base/jdk.internal.reflect.NativeMethodAccessorImpl.invoke(NativeMethodAccessorImpl.java:77) ~[na:na]
	at java.base/jdk.internal.reflect.DelegatingMethodAccessorImpl.invoke(DelegatingMethodAccessorImpl.java:43) ~[na:na]
	at java.base/java.lang.reflect.Method.invoke(Method.java:569) ~[na:na]
	at org.springframework.web.method.support.InvocableHandlerMethod.doInvoke(InvocableHandlerMethod.java:258) ~[spring-web-7.0.3.jar:7.0.3]
	at org.springframework.web.method.support.InvocableHandlerMethod.invokeForRequest(InvocableHandlerMethod.java:190) ~[spring-web-7.0.3.jar:7.0.3]
	at org.springframework.web.servlet.mvc.method.annotation.ServletInvocableHandlerMethod.invokeAndHandle(ServletInvocableHandlerMethod.java:117) ~[spring-webmvc-7.0.3.jar:7.0.3]
	at org.springframework.web.servlet.mvc.method.annotation.RequestMappingHandlerAdapter.invokeHandlerMethod(RequestMappingHandlerAdapter.java:934) ~[spring-webmvc-7.0.3.jar:7.0.3]
	at org.springframework.web.servlet.mvc.method.annotation.RequestMappingHandlerAdapter.handleInternal(RequestMappingHandlerAdapter.java:853) ~[spring-webmvc-7.0.3.jar:7.0.3]
	at org.springframework.web.servlet.mvc.method.AbstractHandlerMethodAdapter.handle(AbstractHandlerMethodAdapter.java:86) ~[spring-webmvc-7.0.3.jar:7.0.3]
	at org.springframework.web.servlet.DispatcherServlet.doDispatch(DispatcherServlet.java:963) ~[spring-webmvc-7.0.3.jar:7.0.3]
	... 34 common frames omitted

2026-02-16T01:28:57.055+05:30  INFO 79021 --- [accountservice] [SpringApplicationShutdownHook] o.s.boot.tomcat.GracefulShutdown         : Commencing graceful shutdown. Waiting for active requests to complete
2026-02-16T01:28:57.107+05:30  INFO 79021 --- [accountservice] [tomcat-shutdown] o.s.boot.tomcat.GracefulShutdown         : Graceful shutdown complete
2026-02-16T01:28:57.131+05:30  INFO 79021 --- [accountservice] [SpringApplicationShutdownHook] j.LocalContainerEntityManagerFactoryBean : Closing JPA EntityManagerFactory for persistence unit 'default'
2026-02-16T01:28:57.215+05:30  INFO 79021 --- [accountservice] [SpringApplicationShutdownHook] com.zaxxer.hikari.HikariDataSource       : HikariPool-1 - Shutdown initiated...
2026-02-16T01:28:57.224+05:30  INFO 79021 --- [accountservice] [SpringApplicationShutdownHook] com.zaxxer.hikari.HikariDataSource       : HikariPool-1 - Shutdown completed.
2026-02-16T01:29:01.095+05:30  INFO 79066 --- [accountservice] [main] c.e.a.AccountserviceApplication          : Starting AccountserviceApplication using Java 17.0.12 with PID 79066 (/Users/sudhirtiwari/IdeaProjects/accountservice/target/classes started by sudhirtiwari in /Users/sudhirtiwari/IdeaProjects/accountservice)
2026-02-16T01:29:01.099+05:30  INFO 79066 --- [accountservice] [main] c.e.a.AccountserviceApplication          : No active profile set, falling back to 1 default profile: "default"
2026-02-16T01:29:01.516+05:30  INFO 79066 --- [accountservice] [main] .s.d.r.c.RepositoryConfigurationDelegate : Bootstrapping Spring Data JPA repositories in DEFAULT mode.
2026-02-16T01:29:01.542+05:30  INFO 79066 --- [accountservice] [main] .s.d.r.c.RepositoryConfigurationDelegate : Finished Spring Data repository scanning in 21 ms. Found 1 JPA repository interface.
2026-02-16T01:29:01.816+05:30  INFO 79066 --- [accountservice] [main] o.s.boot.tomcat.TomcatWebServer          : Tomcat initialized with port 8080 (http)
2026-02-16T01:29:01.823+05:30  INFO 79066 --- [accountservice] [main] o.apache.catalina.core.StandardService   : Starting service [Tomcat]
2026-02-16T01:29:01.824+05:30  INFO 79066 --- [accountservice] [main] o.apache.catalina.core.StandardEngine    : Starting Servlet engine: [Apache Tomcat/11.0.15]
2026-02-16T01:29:01.855+05:30  INFO 79066 --- [accountservice] [main] b.w.c.s.WebApplicationContextInitializer : Root WebApplicationContext: initialization completed in 716 ms
2026-02-16T01:29:01.943+05:30  INFO 79066 --- [accountservice] [main] org.hibernate.orm.jpa                    : HHH008540: Processing PersistenceUnitInfo [name: default]
2026-02-16T01:29:01.975+05:30  INFO 79066 --- [accountservice] [main] org.hibernate.orm.core                   : HHH000001: Hibernate ORM core version 7.2.1.Final
2026-02-16T01:29:02.193+05:30  INFO 79066 --- [accountservice] [main] o.s.o.j.p.SpringPersistenceUnitInfo      : No LoadTimeWeaver setup: ignoring JPA class transformer
2026-02-16T01:29:02.211+05:30  INFO 79066 --- [accountservice] [main] com.zaxxer.hikari.HikariDataSource       : HikariPool-1 - Starting...
2026-02-16T01:29:02.325+05:30  INFO 79066 --- [accountservice] [main] com.zaxxer.hikari.pool.HikariPool        : HikariPool-1 - Added connection conn0: url=jdbc:h2:mem:accountdb user=SA
2026-02-16T01:29:02.331+05:30  INFO 79066 --- [accountservice] [main] com.zaxxer.hikari.HikariDataSource       : HikariPool-1 - Start completed.
2026-02-16T01:29:02.438+05:30  WARN 79066 --- [accountservice] [main] org.hibernate.orm.deprecation            : HHH90000025: H2Dialect does not need to be specified explicitly using 'hibernate.dialect' (remove the property setting and it will be selected by default)
2026-02-16T01:29:02.480+05:30  INFO 79066 --- [accountservice] [main] org.hibernate.orm.connections.pooling    : HHH10001005: Database info:
	Database JDBC URL [jdbc:h2:mem:accountdb]
	Database driver: H2 JDBC Driver
	Database dialect: H2Dialect
	Database version: 2.4.240
	Default catalog/schema: ACCOUNTDB/PUBLIC
	Autocommit mode: undefined/unknown
	Isolation level: READ_COMMITTED [default READ_COMMITTED]
	JDBC fetch size: 100
	Pool: DataSourceConnectionProvider
	Minimum pool size: undefined/unknown
	Maximum pool size: undefined/unknown
2026-02-16T01:29:03.448+05:30  INFO 79066 --- [accountservice] [main] org.hibernate.orm.core                   : HHH000489: No JTA platform available (set 'hibernate.transaction.jta.platform' to enable JTA platform integration)
2026-02-16T01:29:03.478+05:30  INFO 79066 --- [accountservice] [main] j.LocalContainerEntityManagerFactoryBean : Initialized JPA EntityManagerFactory for persistence unit 'default'
2026-02-16T01:29:03.534+05:30  INFO 79066 --- [accountservice] [main] o.s.d.j.r.query.QueryEnhancerFactories   : Hibernate is in classpath; If applicable, HQL parser will be used.
2026-02-16T01:29:03.618+05:30  WARN 79066 --- [accountservice] [main] JpaBaseConfiguration$JpaWebConfiguration : spring.jpa.open-in-view is enabled by default. Therefore, database queries may be performed during view rendering. Explicitly configure spring.jpa.open-in-view to disable this warning
2026-02-16T01:29:03.642+05:30  INFO 79066 --- [accountservice] [main] o.s.v.b.OptionalValidatorFactoryBean     : Failed to set up a Bean Validation provider: jakarta.validation.NoProviderFoundException: Unable to create a Configuration, because no Jakarta Validation provider could be found. Add a provider like Hibernate Validator (RI) to your classpath.
2026-02-16T01:29:03.810+05:30  INFO 79066 --- [accountservice] [main] o.s.b.h.a.H2ConsoleAutoConfiguration     : H2 console available at '/h2-console'. Database available at 'jdbc:h2:mem:accountdb'
2026-02-16T01:29:03.851+05:30  INFO 79066 --- [accountservice] [main] o.s.boot.tomcat.TomcatWebServer          : Tomcat started on port 8080 (http) with context path '/'
2026-02-16T01:29:03.858+05:30  INFO 79066 --- [accountservice] [main] c.e.a.AccountserviceApplication          : Started AccountserviceApplication in 3.021 seconds (process running for 3.354)
2026-02-16T01:29:03.864+05:30  INFO 79066 --- [accountservice] [main] c.e.a.config.DataInitializer             : Preloading H2 Database with sample accounts...
2026-02-16T01:29:03.938+05:30  INFO 79066 --- [accountservice] [main] c.e.a.config.DataInitializer             : H2 Database seeding complete.
2026-02-16T01:29:18.630+05:30  INFO 79066 --- [accountservice] [http-nio-8080-exec-1] o.a.c.c.C.[Tomcat].[localhost].[/]       : Initializing Spring DispatcherServlet 'dispatcherServlet'
2026-02-16T01:29:18.631+05:30  INFO 79066 --- [accountservice] [http-nio-8080-exec-1] o.s.web.servlet.DispatcherServlet        : Initializing Servlet 'dispatcherServlet'
2026-02-16T01:29:18.637+05:30  INFO 79066 --- [accountservice] [http-nio-8080-exec-1] o.s.web.servlet.DispatcherServlet        : Completed initialization in 6 ms
2026-02-16T01:29:18.863+05:30  INFO 79066 --- [accountservice] [http-nio-8080-exec-3] o.springdoc.api.AbstractOpenApiResource  : Init duration for springdoc-openapi is: 113 ms
2026-02-16T01:29:29.390+05:30  INFO 79066 --- [accountservice] [http-nio-8080-exec-6] c.e.a.controller.AccountController       : Received API request to fetch account: 1001
2026-02-16T01:29:29.392+05:30  INFO 79066 --- [accountservice] [http-nio-8080-exec-6] c.e.a.service.AccountService             : Initiating fetch for account number: 1001
2026-02-16T01:33:21.778+05:30  INFO 79066 --- [accountservice] [SpringApplicationShutdownHook] o.s.boot.tomcat.GracefulShutdown         : Commencing graceful shutdown. Waiting for active requests to complete
2026-02-16T01:33:21.808+05:30  INFO 79066 --- [accountservice] [tomcat-shutdown] o.s.boot.tomcat.GracefulShutdown         : Graceful shutdown complete
2026-02-16T01:33:21.833+05:30  INFO 79066 --- [accountservice] [SpringApplicationShutdownHook] j.LocalContainerEntityManagerFactoryBean : Closing JPA EntityManagerFactory for persistence unit 'default'
2026-02-16T01:33:21.864+05:30  INFO 79066 --- [accountservice] [SpringApplicationShutdownHook] com.zaxxer.hikari.HikariDataSource       : HikariPool-1 - Shutdown initiated...
2026-02-16T01:33:21.867+05:30  INFO 79066 --- [accountservice] [SpringApplicationShutdownHook] com.zaxxer.hikari.HikariDataSource       : HikariPool-1 - Shutdown completed.
2026-02-16T01:33:24.602+05:30  INFO 79133 --- [accountservice] [main] c.e.a.AccountserviceApplication          : Starting AccountserviceApplication using Java 17.0.12 with PID 79133 (/Users/sudhirtiwari/IdeaProjects/accountservice/target/classes started by sudhirtiwari in /Users/sudhirtiwari/IdeaProjects/accountservice)
2026-02-16T01:33:24.605+05:30  INFO 79133 --- [accountservice] [main] c.e.a.AccountserviceApplication          : No active profile set, falling back to 1 default profile: "default"
2026-02-16T01:33:25.007+05:30  INFO 79133 --- [accountservice] [main] .s.d.r.c.RepositoryConfigurationDelegate : Bootstrapping Spring Data JPA repositories in DEFAULT mode.
2026-02-16T01:33:25.033+05:30  INFO 79133 --- [accountservice] [main] .s.d.r.c.RepositoryConfigurationDelegate : Finished Spring Data repository scanning in 20 ms. Found 1 JPA repository interface.
2026-02-16T01:33:25.278+05:30  INFO 79133 --- [accountservice] [main] o.s.boot.tomcat.TomcatWebServer          : Tomcat initialized with port 8080 (http)
2026-02-16T01:33:25.284+05:30  INFO 79133 --- [accountservice] [main] o.apache.catalina.core.StandardService   : Starting service [Tomcat]
2026-02-16T01:33:25.284+05:30  INFO 79133 --- [accountservice] [main] o.apache.catalina.core.StandardEngine    : Starting Servlet engine: [Apache Tomcat/11.0.15]
2026-02-16T01:33:25.314+05:30  INFO 79133 --- [accountservice] [main] b.w.c.s.WebApplicationContextInitializer : Root WebApplicationContext: initialization completed in 683 ms
2026-02-16T01:33:25.412+05:30  INFO 79133 --- [accountservice] [main] org.hibernate.orm.jpa                    : HHH008540: Processing PersistenceUnitInfo [name: default]
2026-02-16T01:33:25.445+05:30  INFO 79133 --- [accountservice] [main] org.hibernate.orm.core                   : HHH000001: Hibernate ORM core version 7.2.1.Final
2026-02-16T01:33:25.656+05:30  INFO 79133 --- [accountservice] [main] o.s.o.j.p.SpringPersistenceUnitInfo      : No LoadTimeWeaver setup: ignoring JPA class transformer
2026-02-16T01:33:25.674+05:30  INFO 79133 --- [accountservice] [main] com.zaxxer.hikari.HikariDataSource       : HikariPool-1 - Starting...
2026-02-16T01:33:25.777+05:30  INFO 79133 --- [accountservice] [main] com.zaxxer.hikari.pool.HikariPool        : HikariPool-1 - Added connection conn0: url=jdbc:h2:mem:accountdb user=SA
2026-02-16T01:33:25.778+05:30  INFO 79133 --- [accountservice] [main] com.zaxxer.hikari.HikariDataSource       : HikariPool-1 - Start completed.
2026-02-16T01:33:25.790+05:30  WARN 79133 --- [accountservice] [main] org.hibernate.orm.deprecation            : HHH90000025: H2Dialect does not need to be specified explicitly using 'hibernate.dialect' (remove the property setting and it will be selected by default)
2026-02-16T01:33:25.801+05:30  INFO 79133 --- [accountservice] [main] org.hibernate.orm.connections.pooling    : HHH10001005: Database info:
	Database JDBC URL [jdbc:h2:mem:accountdb]
	Database driver: H2 JDBC Driver
	Database dialect: H2Dialect
	Database version: 2.4.240
	Default catalog/schema: ACCOUNTDB/PUBLIC
	Autocommit mode: undefined/unknown
	Isolation level: READ_COMMITTED [default READ_COMMITTED]
	JDBC fetch size: 100
	Pool: DataSourceConnectionProvider
	Minimum pool size: undefined/unknown
	Maximum pool size: undefined/unknown
2026-02-16T01:33:26.273+05:30  INFO 79133 --- [accountservice] [main] org.hibernate.orm.core                   : HHH000489: No JTA platform available (set 'hibernate.transaction.jta.platform' to enable JTA platform integration)
2026-02-16T01:33:26.303+05:30  INFO 79133 --- [accountservice] [main] j.LocalContainerEntityManagerFactoryBean : Initialized JPA EntityManagerFactory for persistence unit 'default'
2026-02-16T01:33:26.354+05:30  INFO 79133 --- [accountservice] [main] o.s.d.j.r.query.QueryEnhancerFactories   : Hibernate is in classpath; If applicable, HQL parser will be used.
2026-02-16T01:33:26.436+05:30  WARN 79133 --- [accountservice] [main] JpaBaseConfiguration$JpaWebConfiguration : spring.jpa.open-in-view is enabled by default. Therefore, database queries may be performed during view rendering. Explicitly configure spring.jpa.open-in-view to disable this warning
2026-02-16T01:33:26.454+05:30  INFO 79133 --- [accountservice] [main] o.s.v.b.OptionalValidatorFactoryBean     : Failed to set up a Bean Validation provider: jakarta.validation.NoProviderFoundException: Unable to create a Configuration, because no Jakarta Validation provider could be found. Add a provider like Hibernate Validator (RI) to your classpath.
2026-02-16T01:33:26.614+05:30  INFO 79133 --- [accountservice] [main] o.s.b.h.a.H2ConsoleAutoConfiguration     : H2 console available at '/h2-console'. Database available at 'jdbc:h2:mem:accountdb'
2026-02-16T01:33:26.643+05:30  INFO 79133 --- [accountservice] [main] o.s.boot.tomcat.TomcatWebServer          : Tomcat started on port 8080 (http) with context path '/'
2026-02-16T01:33:26.647+05:30  INFO 79133 --- [accountservice] [main] c.e.a.AccountserviceApplication          : Started AccountserviceApplication in 2.353 seconds (process running for 2.588)
2026-02-16T01:33:26.648+05:30  INFO 79133 --- [accountservice] [main] c.e.a.config.DataInitializer             : Preloading H2 Database with sample accounts...
2026-02-16T01:33:26.701+05:30  INFO 79133 --- [accountservice] [main] c.e.a.config.DataInitializer             : H2 Database seeding complete.
2026-02-16T01:33:32.097+05:30  INFO 79133 --- [accountservice] [http-nio-8080-exec-1] o.a.c.c.C.[Tomcat].[localhost].[/]       : Initializing Spring DispatcherServlet 'dispatcherServlet'
2026-02-16T01:33:32.098+05:30  INFO 79133 --- [accountservice] [http-nio-8080-exec-1] o.s.web.servlet.DispatcherServlet        : Initializing Servlet 'dispatcherServlet'
2026-02-16T01:33:32.196+05:30  INFO 79133 --- [accountservice] [http-nio-8080-exec-1] o.s.web.servlet.DispatcherServlet        : Completed initialization in 58 ms
2026-02-16T01:33:32.380+05:30  INFO 79133 --- [accountservice] [http-nio-8080-exec-1] c.e.a.controller.AccountController       : Received API request to fetch account: 1001
2026-02-16T01:33:32.380+05:30  INFO 79133 --- [accountservice] [http-nio-8080-exec-1] c.e.a.service.AccountService             : Searching for Account Number: [1001]
2026-02-16T01:33:32.657+05:30  INFO 79133 --- [accountservice] [http-nio-8080-exec-1] c.e.a.service.AccountService             : Total accounts in DB: 2
2026-02-16T01:34:55.414+05:30  INFO 79133 --- [accountservice] [http-nio-8080-exec-1] c.e.a.controller.AccountController       : Received API request to fetch account: 1001
2026-02-16T01:34:55.425+05:30  INFO 79133 --- [accountservice] [http-nio-8080-exec-1] c.e.a.service.AccountService             : Searching for Account Number: [1001]
2026-02-16T01:34:55.493+05:30  INFO 79133 --- [accountservice] [http-nio-8080-exec-1] c.e.a.service.AccountService             : Total accounts in DB: 2
2026-02-16T01:37:41.952+05:30  INFO 79133 --- [accountservice] [http-nio-8080-exec-1] c.e.a.controller.AccountController       : Received API request to fetch account: 1001
2026-02-16T01:37:41.963+05:30  INFO 79133 --- [accountservice] [http-nio-8080-exec-1] c.e.a.service.AccountService             : Searching for Account Number: [1001]
2026-02-16T01:37:41.982+05:30  INFO 79133 --- [accountservice] [http-nio-8080-exec-1] c.e.a.service.AccountService             : Total accounts in DB: 1
2026-02-16T01:37:43.807+05:30  INFO 79133 --- [accountservice] [http-nio-8080-exec-9] c.e.a.controller.AccountController       : Received API request to fetch account: 1001
2026-02-16T01:37:43.807+05:30  INFO 79133 --- [accountservice] [http-nio-8080-exec-9] c.e.a.service.AccountService             : Searching for Account Number: [1001]
2026-02-16T01:37:43.814+05:30  INFO 79133 --- [accountservice] [http-nio-8080-exec-9] c.e.a.service.AccountService             : Total accounts in DB: 1
2026-02-16T01:41:18.280+05:30  INFO 79133 --- [accountservice] [SpringApplicationShutdownHook] o.s.boot.tomcat.GracefulShutdown         : Commencing graceful shutdown. Waiting for active requests to complete
2026-02-16T01:41:18.310+05:30  INFO 79133 --- [accountservice] [tomcat-shutdown] o.s.boot.tomcat.GracefulShutdown         : Graceful shutdown complete
2026-02-16T01:41:18.336+05:30  INFO 79133 --- [accountservice] [SpringApplicationShutdownHook] j.LocalContainerEntityManagerFactoryBean : Closing JPA EntityManagerFactory for persistence unit 'default'
2026-02-16T01:41:18.394+05:30  INFO 79133 --- [accountservice] [SpringApplicationShutdownHook] com.zaxxer.hikari.HikariDataSource       : HikariPool-1 - Shutdown initiated...
2026-02-16T01:41:18.404+05:30  INFO 79133 --- [accountservice] [SpringApplicationShutdownHook] com.zaxxer.hikari.HikariDataSource       : HikariPool-1 - Shutdown completed.
2026-02-16T01:41:21.089+05:30  INFO 79229 --- [accountservice] [main] c.e.a.AccountserviceApplication          : Starting AccountserviceApplication using Java 17.0.12 with PID 79229 (/Users/sudhirtiwari/IdeaProjects/accountservice/target/classes started by sudhirtiwari in /Users/sudhirtiwari/IdeaProjects/accountservice)
2026-02-16T01:41:21.091+05:30  INFO 79229 --- [accountservice] [main] c.e.a.AccountserviceApplication          : No active profile set, falling back to 1 default profile: "default"
2026-02-16T01:41:21.804+05:30  INFO 79229 --- [accountservice] [main] .s.d.r.c.RepositoryConfigurationDelegate : Bootstrapping Spring Data JPA repositories in DEFAULT mode.
2026-02-16T01:41:21.920+05:30  INFO 79229 --- [accountservice] [main] .s.d.r.c.RepositoryConfigurationDelegate : Finished Spring Data repository scanning in 94 ms. Found 1 JPA repository interface.
2026-02-16T01:41:22.313+05:30  INFO 79231 --- [accountservice] [main] c.e.a.AccountserviceApplication          : Starting AccountserviceApplication using Java 17.0.12 with PID 79231 (/Users/sudhirtiwari/IdeaProjects/accountservice/target/classes started by sudhirtiwari in /Users/sudhirtiwari/IdeaProjects/accountservice)
2026-02-16T01:41:22.318+05:30  INFO 79231 --- [accountservice] [main] c.e.a.AccountserviceApplication          : No active profile set, falling back to 1 default profile: "default"
2026-02-16T01:41:22.330+05:30  INFO 79229 --- [accountservice] [main] o.s.boot.tomcat.TomcatWebServer          : Tomcat initialized with port 8080 (http)
2026-02-16T01:41:22.338+05:30  INFO 79229 --- [accountservice] [main] o.apache.catalina.core.StandardService   : Starting service [Tomcat]
2026-02-16T01:41:22.338+05:30  INFO 79229 --- [accountservice] [main] o.apache.catalina.core.StandardEngine    : Starting Servlet engine: [Apache Tomcat/11.0.15]
2026-02-16T01:41:22.380+05:30  INFO 79229 --- [accountservice] [main] b.w.c.s.WebApplicationContextInitializer : Root WebApplicationContext: initialization completed in 1257 ms
2026-02-16T01:41:22.501+05:30  INFO 79229 --- [accountservice] [main] org.hibernate.orm.jpa                    : HHH008540: Processing PersistenceUnitInfo [name: default]
2026-02-16T01:41:22.544+05:30  INFO 79229 --- [accountservice] [main] org.hibernate.orm.core                   : HHH000001: Hibernate ORM core version 7.2.1.Final
2026-02-16T01:41:22.842+05:30  INFO 79229 --- [accountservice] [main] o.s.o.j.p.SpringPersistenceUnitInfo      : No LoadTimeWeaver setup: ignoring JPA class transformer
2026-02-16T01:41:22.863+05:30  INFO 79229 --- [accountservice] [main] com.zaxxer.hikari.HikariDataSource       : HikariPool-1 - Starting...
2026-02-16T01:41:22.869+05:30  INFO 79231 --- [accountservice] [main] .s.d.r.c.RepositoryConfigurationDelegate : Bootstrapping Spring Data JPA repositories in DEFAULT mode.
2026-02-16T01:41:22.894+05:30  INFO 79231 --- [accountservice] [main] .s.d.r.c.RepositoryConfigurationDelegate : Finished Spring Data repository scanning in 21 ms. Found 1 JPA repository interface.
2026-02-16T01:41:22.972+05:30  INFO 79229 --- [accountservice] [main] com.zaxxer.hikari.pool.HikariPool        : HikariPool-1 - Added connection conn0: url=jdbc:h2:mem:accountdb user=SA
2026-02-16T01:41:22.973+05:30  INFO 79229 --- [accountservice] [main] com.zaxxer.hikari.HikariDataSource       : HikariPool-1 - Start completed.
2026-02-16T01:41:22.989+05:30  WARN 79229 --- [accountservice] [main] org.hibernate.orm.deprecation            : HHH90000025: H2Dialect does not need to be specified explicitly using 'hibernate.dialect' (remove the property setting and it will be selected by default)
2026-02-16T01:41:23.004+05:30  INFO 79229 --- [accountservice] [main] org.hibernate.orm.connections.pooling    : HHH10001005: Database info:
	Database JDBC URL [jdbc:h2:mem:accountdb]
	Database driver: H2 JDBC Driver
	Database dialect: H2Dialect
	Database version: 2.4.240
	Default catalog/schema: ACCOUNTDB/PUBLIC
	Autocommit mode: undefined/unknown
	Isolation level: READ_COMMITTED [default READ_COMMITTED]
	JDBC fetch size: 100
	Pool: DataSourceConnectionProvider
	Minimum pool size: undefined/unknown
	Maximum pool size: undefined/unknown
2026-02-16T01:41:23.171+05:30  INFO 79231 --- [accountservice] [main] o.s.boot.tomcat.TomcatWebServer          : Tomcat initialized with port 8080 (http)
2026-02-16T01:41:23.178+05:30  INFO 79231 --- [accountservice] [main] o.apache.catalina.core.StandardService   : Starting service [Tomcat]
2026-02-16T01:41:23.179+05:30  INFO 79231 --- [accountservice] [main] o.apache.catalina.core.StandardEngine    : Starting Servlet engine: [Apache Tomcat/11.0.15]
2026-02-16T01:41:23.209+05:30  INFO 79231 --- [accountservice] [main] b.w.c.s.WebApplicationContextInitializer : Root WebApplicationContext: initialization completed in 818 ms
2026-02-16T01:41:23.309+05:30  INFO 79231 --- [accountservice] [main] org.hibernate.orm.jpa                    : HHH008540: Processing PersistenceUnitInfo [name: default]
2026-02-16T01:41:23.332+05:30  INFO 79231 --- [accountservice] [main] org.hibernate.orm.core                   : HHH000001: Hibernate ORM core version 7.2.1.Final
2026-02-16T01:41:23.477+05:30  INFO 79229 --- [accountservice] [main] org.hibernate.orm.core                   : HHH000489: No JTA platform available (set 'hibernate.transaction.jta.platform' to enable JTA platform integration)
2026-02-16T01:41:23.521+05:30  INFO 79229 --- [accountservice] [main] j.LocalContainerEntityManagerFactoryBean : Initialized JPA EntityManagerFactory for persistence unit 'default'
2026-02-16T01:41:23.568+05:30  INFO 79231 --- [accountservice] [main] o.s.o.j.p.SpringPersistenceUnitInfo      : No LoadTimeWeaver setup: ignoring JPA class transformer
2026-02-16T01:41:23.581+05:30  INFO 79229 --- [accountservice] [main] o.s.d.j.r.query.QueryEnhancerFactories   : Hibernate is in classpath; If applicable, HQL parser will be used.
2026-02-16T01:41:23.585+05:30  INFO 79231 --- [accountservice] [main] com.zaxxer.hikari.HikariDataSource       : HikariPool-1 - Starting...
2026-02-16T01:41:23.678+05:30  INFO 79231 --- [accountservice] [main] com.zaxxer.hikari.pool.HikariPool        : HikariPool-1 - Added connection conn0: url=jdbc:h2:mem:accountdb user=SA
2026-02-16T01:41:23.680+05:30  INFO 79231 --- [accountservice] [main] com.zaxxer.hikari.HikariDataSource       : HikariPool-1 - Start completed.
2026-02-16T01:41:23.686+05:30  WARN 79229 --- [accountservice] [main] JpaBaseConfiguration$JpaWebConfiguration : spring.jpa.open-in-view is enabled by default. Therefore, database queries may be performed during view rendering. Explicitly configure spring.jpa.open-in-view to disable this warning
2026-02-16T01:41:23.693+05:30  WARN 79231 --- [accountservice] [main] org.hibernate.orm.deprecation            : HHH90000025: H2Dialect does not need to be specified explicitly using 'hibernate.dialect' (remove the property setting and it will be selected by default)
2026-02-16T01:41:23.705+05:30  INFO 79231 --- [accountservice] [main] org.hibernate.orm.connections.pooling    : HHH10001005: Database info:
	Database JDBC URL [jdbc:h2:mem:accountdb]
	Database driver: H2 JDBC Driver
	Database dialect: H2Dialect
	Database version: 2.4.240
	Default catalog/schema: ACCOUNTDB/PUBLIC
	Autocommit mode: undefined/unknown
	Isolation level: READ_COMMITTED [default READ_COMMITTED]
	JDBC fetch size: 100
	Pool: DataSourceConnectionProvider
	Minimum pool size: undefined/unknown
	Maximum pool size: undefined/unknown
2026-02-16T01:41:23.710+05:30  INFO 79229 --- [accountservice] [main] o.s.v.b.OptionalValidatorFactoryBean     : Failed to set up a Bean Validation provider: jakarta.validation.NoProviderFoundException: Unable to create a Configuration, because no Jakarta Validation provider could be found. Add a provider like Hibernate Validator (RI) to your classpath.
2026-02-16T01:41:23.911+05:30  INFO 79229 --- [accountservice] [main] o.s.b.h.a.H2ConsoleAutoConfiguration     : H2 console available at '/h2-console'. Database available at 'jdbc:h2:mem:accountdb'
2026-02-16T01:41:23.949+05:30  INFO 79229 --- [accountservice] [main] o.s.boot.tomcat.TomcatWebServer          : Tomcat started on port 8080 (http) with context path '/'
2026-02-16T01:41:23.954+05:30  INFO 79229 --- [accountservice] [main] c.e.a.AccountserviceApplication          : Started AccountserviceApplication in 3.166 seconds (process running for 3.476)
2026-02-16T01:41:23.956+05:30  INFO 79229 --- [accountservice] [main] c.e.a.config.DataInitializer             : Preloading H2 Database with sample accounts...
2026-02-16T01:41:24.027+05:30  INFO 79229 --- [accountservice] [main] c.e.a.config.DataInitializer             : H2 Database seeding complete.
2026-02-16T01:41:24.131+05:30  INFO 79231 --- [accountservice] [main] org.hibernate.orm.core                   : HHH000489: No JTA platform available (set 'hibernate.transaction.jta.platform' to enable JTA platform integration)
2026-02-16T01:41:24.161+05:30  INFO 79231 --- [accountservice] [main] j.LocalContainerEntityManagerFactoryBean : Initialized JPA EntityManagerFactory for persistence unit 'default'
2026-02-16T01:41:24.207+05:30  INFO 79231 --- [accountservice] [main] o.s.d.j.r.query.QueryEnhancerFactories   : Hibernate is in classpath; If applicable, HQL parser will be used.
2026-02-16T01:41:24.285+05:30  WARN 79231 --- [accountservice] [main] JpaBaseConfiguration$JpaWebConfiguration : spring.jpa.open-in-view is enabled by default. Therefore, database queries may be performed during view rendering. Explicitly configure spring.jpa.open-in-view to disable this warning
2026-02-16T01:41:24.304+05:30  INFO 79231 --- [accountservice] [main] o.s.v.b.OptionalValidatorFactoryBean     : Failed to set up a Bean Validation provider: jakarta.validation.NoProviderFoundException: Unable to create a Configuration, because no Jakarta Validation provider could be found. Add a provider like Hibernate Validator (RI) to your classpath.
2026-02-16T01:41:24.456+05:30  INFO 79231 --- [accountservice] [main] o.s.b.h.a.H2ConsoleAutoConfiguration     : H2 console available at '/h2-console'. Database available at 'jdbc:h2:mem:accountdb'
2026-02-16T01:41:24.479+05:30  WARN 79231 --- [accountservice] [main] ConfigServletWebServerApplicationContext : Exception encountered during context initialization - cancelling refresh attempt: org.springframework.context.ApplicationContextException: Failed to start bean 'webServerStartStop'
2026-02-16T01:41:24.480+05:30  INFO 79231 --- [accountservice] [main] j.LocalContainerEntityManagerFactoryBean : Closing JPA EntityManagerFactory for persistence unit 'default'
2026-02-16T01:41:24.480+05:30  INFO 79231 --- [accountservice] [main] com.zaxxer.hikari.HikariDataSource       : HikariPool-1 - Shutdown initiated...
2026-02-16T01:41:24.481+05:30  INFO 79231 --- [accountservice] [main] com.zaxxer.hikari.HikariDataSource       : HikariPool-1 - Shutdown completed.
2026-02-16T01:41:24.486+05:30  INFO 79231 --- [accountservice] [main] .s.b.a.l.ConditionEvaluationReportLogger : 

Error starting ApplicationContext. To display the condition evaluation report re-run your application with 'debug' enabled.
2026-02-16T01:41:24.492+05:30 ERROR 79231 --- [accountservice] [main] o.s.b.d.LoggingFailureAnalysisReporter   : 

***************************
APPLICATION FAILED TO START
***************************

Description:

Web server failed to start. Port 8080 was already in use.

Action:

Identify and stop the process that's listening on port 8080 or configure this application to listen on another port.

2026-02-16T01:41:35.539+05:30  INFO 79229 --- [accountservice] [SpringApplicationShutdownHook] o.s.boot.tomcat.GracefulShutdown         : Commencing graceful shutdown. Waiting for active requests to complete
2026-02-16T01:41:35.552+05:30  INFO 79229 --- [accountservice] [tomcat-shutdown] o.s.boot.tomcat.GracefulShutdown         : Graceful shutdown complete
2026-02-16T01:41:35.557+05:30  INFO 79229 --- [accountservice] [SpringApplicationShutdownHook] j.LocalContainerEntityManagerFactoryBean : Closing JPA EntityManagerFactory for persistence unit 'default'
2026-02-16T01:41:35.559+05:30  INFO 79229 --- [accountservice] [SpringApplicationShutdownHook] com.zaxxer.hikari.HikariDataSource       : HikariPool-1 - Shutdown initiated...
2026-02-16T01:41:35.563+05:30  INFO 79229 --- [accountservice] [SpringApplicationShutdownHook] com.zaxxer.hikari.HikariDataSource       : HikariPool-1 - Shutdown completed.
2026-02-16T01:41:39.002+05:30  INFO 79242 --- [accountservice] [main] c.e.a.AccountserviceApplication          : Starting AccountserviceApplication using Java 17.0.12 with PID 79242 (/Users/sudhirtiwari/IdeaProjects/accountservice/target/classes started by sudhirtiwari in /Users/sudhirtiwari/IdeaProjects/accountservice)
2026-02-16T01:41:39.005+05:30  INFO 79242 --- [accountservice] [main] c.e.a.AccountserviceApplication          : No active profile set, falling back to 1 default profile: "default"
2026-02-16T01:41:39.416+05:30  INFO 79242 --- [accountservice] [main] .s.d.r.c.RepositoryConfigurationDelegate : Bootstrapping Spring Data JPA repositories in DEFAULT mode.
2026-02-16T01:41:39.441+05:30  INFO 79242 --- [accountservice] [main] .s.d.r.c.RepositoryConfigurationDelegate : Finished Spring Data repository scanning in 20 ms. Found 1 JPA repository interface.
2026-02-16T01:41:39.674+05:30  INFO 79242 --- [accountservice] [main] o.s.boot.tomcat.TomcatWebServer          : Tomcat initialized with port 8080 (http)
2026-02-16T01:41:39.684+05:30  INFO 79242 --- [accountservice] [main] o.apache.catalina.core.StandardService   : Starting service [Tomcat]
2026-02-16T01:41:39.684+05:30  INFO 79242 --- [accountservice] [main] o.apache.catalina.core.StandardEngine    : Starting Servlet engine: [Apache Tomcat/11.0.15]
2026-02-16T01:41:39.713+05:30  INFO 79242 --- [accountservice] [main] b.w.c.s.WebApplicationContextInitializer : Root WebApplicationContext: initialization completed in 674 ms
2026-02-16T01:41:39.798+05:30  INFO 79242 --- [accountservice] [main] org.hibernate.orm.jpa                    : HHH008540: Processing PersistenceUnitInfo [name: default]
2026-02-16T01:41:39.826+05:30  INFO 79242 --- [accountservice] [main] org.hibernate.orm.core                   : HHH000001: Hibernate ORM core version 7.2.1.Final
2026-02-16T01:41:40.012+05:30  INFO 79242 --- [accountservice] [main] o.s.o.j.p.SpringPersistenceUnitInfo      : No LoadTimeWeaver setup: ignoring JPA class transformer
2026-02-16T01:41:40.037+05:30  INFO 79242 --- [accountservice] [main] com.zaxxer.hikari.HikariDataSource       : HikariPool-1 - Starting...
2026-02-16T01:41:40.115+05:30  INFO 79242 --- [accountservice] [main] com.zaxxer.hikari.pool.HikariPool        : HikariPool-1 - Added connection conn0: url=jdbc:h2:mem:accountdb user=SA
2026-02-16T01:41:40.116+05:30  INFO 79242 --- [accountservice] [main] com.zaxxer.hikari.HikariDataSource       : HikariPool-1 - Start completed.
2026-02-16T01:41:40.128+05:30  WARN 79242 --- [accountservice] [main] org.hibernate.orm.deprecation            : HHH90000025: H2Dialect does not need to be specified explicitly using 'hibernate.dialect' (remove the property setting and it will be selected by default)
2026-02-16T01:41:40.138+05:30  INFO 79242 --- [accountservice] [main] org.hibernate.orm.connections.pooling    : HHH10001005: Database info:
	Database JDBC URL [jdbc:h2:mem:accountdb]
	Database driver: H2 JDBC Driver
	Database dialect: H2Dialect
	Database version: 2.4.240
	Default catalog/schema: ACCOUNTDB/PUBLIC
	Autocommit mode: undefined/unknown
	Isolation level: READ_COMMITTED [default READ_COMMITTED]
	JDBC fetch size: 100
	Pool: DataSourceConnectionProvider
	Minimum pool size: undefined/unknown
	Maximum pool size: undefined/unknown
2026-02-16T01:41:40.526+05:30  INFO 79242 --- [accountservice] [main] org.hibernate.orm.core                   : HHH000489: No JTA platform available (set 'hibernate.transaction.jta.platform' to enable JTA platform integration)
2026-02-16T01:41:40.555+05:30  INFO 79242 --- [accountservice] [main] j.LocalContainerEntityManagerFactoryBean : Initialized JPA EntityManagerFactory for persistence unit 'default'
2026-02-16T01:41:40.597+05:30  INFO 79242 --- [accountservice] [main] o.s.d.j.r.query.QueryEnhancerFactories   : Hibernate is in classpath; If applicable, HQL parser will be used.
2026-02-16T01:41:40.683+05:30  WARN 79242 --- [accountservice] [main] JpaBaseConfiguration$JpaWebConfiguration : spring.jpa.open-in-view is enabled by default. Therefore, database queries may be performed during view rendering. Explicitly configure spring.jpa.open-in-view to disable this warning
2026-02-16T01:41:40.702+05:30  INFO 79242 --- [accountservice] [main] o.s.v.b.OptionalValidatorFactoryBean     : Failed to set up a Bean Validation provider: jakarta.validation.NoProviderFoundException: Unable to create a Configuration, because no Jakarta Validation provider could be found. Add a provider like Hibernate Validator (RI) to your classpath.
2026-02-16T01:41:40.853+05:30  INFO 79242 --- [accountservice] [main] o.s.b.h.a.H2ConsoleAutoConfiguration     : H2 console available at '/h2-console'. Database available at 'jdbc:h2:mem:accountdb'
2026-02-16T01:41:40.884+05:30  INFO 79242 --- [accountservice] [main] o.s.boot.tomcat.TomcatWebServer          : Tomcat started on port 8080 (http) with context path '/'
2026-02-16T01:41:40.888+05:30  INFO 79242 --- [accountservice] [main] c.e.a.AccountserviceApplication          : Started AccountserviceApplication in 2.151 seconds (process running for 2.377)
2026-02-16T01:41:40.890+05:30  INFO 79242 --- [accountservice] [main] c.e.a.config.DataInitializer             : Preloading H2 Database with sample accounts...
2026-02-16T01:41:40.946+05:30  INFO 79242 --- [accountservice] [main] c.e.a.config.DataInitializer             : H2 Database seeding complete.
2026-02-16T01:41:48.428+05:30  INFO 79242 --- [accountservice] [http-nio-8080-exec-1] o.a.c.c.C.[Tomcat].[localhost].[/]       : Initializing Spring DispatcherServlet 'dispatcherServlet'
2026-02-16T01:41:48.429+05:30  INFO 79242 --- [accountservice] [http-nio-8080-exec-1] o.s.web.servlet.DispatcherServlet        : Initializing Servlet 'dispatcherServlet'
2026-02-16T01:41:48.439+05:30  INFO 79242 --- [accountservice] [http-nio-8080-exec-1] o.s.web.servlet.DispatcherServlet        : Completed initialization in 10 ms
2026-02-16T01:41:48.471+05:30  INFO 79242 --- [accountservice] [http-nio-8080-exec-1] c.e.a.controller.AccountController       : Received API request to fetch account: 1001
2026-02-16T01:41:48.472+05:30  INFO 79242 --- [accountservice] [http-nio-8080-exec-1] c.e.a.service.AccountService             : Searching for Account Number: [1001]
2026-02-16T01:41:48.682+05:30  INFO 79242 --- [accountservice] [http-nio-8080-exec-1] c.e.a.service.AccountService             : Total accounts in DB: 2
2026-02-16T01:41:48.682+05:30  INFO 79242 --- [accountservice] [http-nio-8080-exec-1] c.e.a.service.AccountService             : Searching for: [1001], Length: 4
2026-02-16T01:41:48.699+05:30  INFO 79242 --- [accountservice] [http-nio-8080-exec-1] c.e.a.service.AccountService             : Found in DB: [1001], Length: 4
2026-02-16T01:41:48.699+05:30  INFO 79242 --- [accountservice] [http-nio-8080-exec-1] c.e.a.service.AccountService             : Found in DB: [1002], Length: 4
2026-02-16T01:42:08.333+05:30  INFO 79242 --- [accountservice] [http-nio-8080-exec-4] c.e.a.controller.AccountController       : Received API request to fetch account: 1001
2026-02-16T01:42:08.339+05:30  INFO 79242 --- [accountservice] [http-nio-8080-exec-4] c.e.a.service.AccountService             : Searching for Account Number: [1001]
2026-02-16T01:42:08.347+05:30  INFO 79242 --- [accountservice] [http-nio-8080-exec-4] c.e.a.service.AccountService             : Total accounts in DB: 2
2026-02-16T01:42:08.347+05:30  INFO 79242 --- [accountservice] [http-nio-8080-exec-4] c.e.a.service.AccountService             : Searching for: [1001], Length: 4
2026-02-16T01:42:08.352+05:30  INFO 79242 --- [accountservice] [http-nio-8080-exec-4] c.e.a.service.AccountService             : Found in DB: [1001], Length: 4
2026-02-16T01:42:08.352+05:30  INFO 79242 --- [accountservice] [http-nio-8080-exec-4] c.e.a.service.AccountService             : Found in DB: [1002], Length: 4
2026-02-16T01:45:14.313+05:30  INFO 79242 --- [accountservice] [SpringApplicationShutdownHook] o.s.boot.tomcat.GracefulShutdown         : Commencing graceful shutdown. Waiting for active requests to complete
2026-02-16T01:45:14.334+05:30  INFO 79242 --- [accountservice] [tomcat-shutdown] o.s.boot.tomcat.GracefulShutdown         : Graceful shutdown complete
2026-02-16T01:45:14.347+05:30  INFO 79242 --- [accountservice] [SpringApplicationShutdownHook] j.LocalContainerEntityManagerFactoryBean : Closing JPA EntityManagerFactory for persistence unit 'default'
2026-02-16T01:45:14.367+05:30  INFO 79242 --- [accountservice] [SpringApplicationShutdownHook] com.zaxxer.hikari.HikariDataSource       : HikariPool-1 - Shutdown initiated...
2026-02-16T01:45:14.375+05:30  INFO 79242 --- [accountservice] [SpringApplicationShutdownHook] com.zaxxer.hikari.HikariDataSource       : HikariPool-1 - Shutdown completed.
2026-02-16T01:45:17.357+05:30  INFO 79266 --- [accountservice] [main] c.e.a.AccountserviceApplication          : Starting AccountserviceApplication using Java 17.0.12 with PID 79266 (/Users/sudhirtiwari/IdeaProjects/accountservice/target/classes started by sudhirtiwari in /Users/sudhirtiwari/IdeaProjects/accountservice)
2026-02-16T01:45:17.361+05:30  INFO 79266 --- [accountservice] [main] c.e.a.AccountserviceApplication          : No active profile set, falling back to 1 default profile: "default"
2026-02-16T01:45:17.971+05:30  INFO 79266 --- [accountservice] [main] .s.d.r.c.RepositoryConfigurationDelegate : Bootstrapping Spring Data JPA repositories in DEFAULT mode.
2026-02-16T01:45:18.007+05:30  INFO 79266 --- [accountservice] [main] .s.d.r.c.RepositoryConfigurationDelegate : Finished Spring Data repository scanning in 26 ms. Found 1 JPA repository interface.
2026-02-16T01:45:18.301+05:30  INFO 79266 --- [accountservice] [main] o.s.boot.tomcat.TomcatWebServer          : Tomcat initialized with port 8080 (http)
2026-02-16T01:45:18.308+05:30  INFO 79266 --- [accountservice] [main] o.apache.catalina.core.StandardService   : Starting service [Tomcat]
2026-02-16T01:45:18.309+05:30  INFO 79266 --- [accountservice] [main] o.apache.catalina.core.StandardEngine    : Starting Servlet engine: [Apache Tomcat/11.0.15]
2026-02-16T01:45:18.340+05:30  INFO 79266 --- [accountservice] [main] b.w.c.s.WebApplicationContextInitializer : Root WebApplicationContext: initialization completed in 916 ms
2026-02-16T01:45:18.442+05:30  INFO 79266 --- [accountservice] [main] org.hibernate.orm.jpa                    : HHH008540: Processing PersistenceUnitInfo [name: default]
2026-02-16T01:45:18.484+05:30  INFO 79266 --- [accountservice] [main] org.hibernate.orm.core                   : HHH000001: Hibernate ORM core version 7.2.1.Final
2026-02-16T01:45:18.782+05:30  INFO 79266 --- [accountservice] [main] o.s.o.j.p.SpringPersistenceUnitInfo      : No LoadTimeWeaver setup: ignoring JPA class transformer
2026-02-16T01:45:18.802+05:30  INFO 79266 --- [accountservice] [main] com.zaxxer.hikari.HikariDataSource       : HikariPool-1 - Starting...
2026-02-16T01:45:18.925+05:30  INFO 79266 --- [accountservice] [main] com.zaxxer.hikari.pool.HikariPool        : HikariPool-1 - Added connection conn0: url=jdbc:h2:mem:accountdb user=SA
2026-02-16T01:45:18.927+05:30  INFO 79266 --- [accountservice] [main] com.zaxxer.hikari.HikariDataSource       : HikariPool-1 - Start completed.
2026-02-16T01:45:18.946+05:30  WARN 79266 --- [accountservice] [main] org.hibernate.orm.deprecation            : HHH90000025: H2Dialect does not need to be specified explicitly using 'hibernate.dialect' (remove the property setting and it will be selected by default)
2026-02-16T01:45:18.958+05:30  INFO 79266 --- [accountservice] [main] org.hibernate.orm.connections.pooling    : HHH10001005: Database info:
	Database JDBC URL [jdbc:h2:mem:accountdb]
	Database driver: H2 JDBC Driver
	Database dialect: H2Dialect
	Database version: 2.4.240
	Default catalog/schema: ACCOUNTDB/PUBLIC
	Autocommit mode: undefined/unknown
	Isolation level: READ_COMMITTED [default READ_COMMITTED]
	JDBC fetch size: 100
	Pool: DataSourceConnectionProvider
	Minimum pool size: undefined/unknown
	Maximum pool size: undefined/unknown
2026-02-16T01:45:19.442+05:30  INFO 79266 --- [accountservice] [main] org.hibernate.orm.core                   : HHH000489: No JTA platform available (set 'hibernate.transaction.jta.platform' to enable JTA platform integration)
2026-02-16T01:45:19.474+05:30  INFO 79266 --- [accountservice] [main] j.LocalContainerEntityManagerFactoryBean : Initialized JPA EntityManagerFactory for persistence unit 'default'
2026-02-16T01:45:19.524+05:30  INFO 79266 --- [accountservice] [main] o.s.d.j.r.query.QueryEnhancerFactories   : Hibernate is in classpath; If applicable, HQL parser will be used.
2026-02-16T01:45:19.631+05:30  WARN 79266 --- [accountservice] [main] JpaBaseConfiguration$JpaWebConfiguration : spring.jpa.open-in-view is enabled by default. Therefore, database queries may be performed during view rendering. Explicitly configure spring.jpa.open-in-view to disable this warning
2026-02-16T01:45:19.679+05:30  INFO 79266 --- [accountservice] [main] o.s.v.b.OptionalValidatorFactoryBean     : Failed to set up a Bean Validation provider: jakarta.validation.NoProviderFoundException: Unable to create a Configuration, because no Jakarta Validation provider could be found. Add a provider like Hibernate Validator (RI) to your classpath.
2026-02-16T01:45:19.842+05:30  INFO 79266 --- [accountservice] [main] o.s.b.h.a.H2ConsoleAutoConfiguration     : H2 console available at '/h2-console'. Database available at 'jdbc:h2:mem:accountdb'
2026-02-16T01:45:19.885+05:30  INFO 79266 --- [accountservice] [main] o.s.boot.tomcat.TomcatWebServer          : Tomcat started on port 8080 (http) with context path '/'
2026-02-16T01:45:19.892+05:30  INFO 79266 --- [accountservice] [main] c.e.a.AccountserviceApplication          : Started AccountserviceApplication in 2.941 seconds (process running for 3.378)
2026-02-16T01:45:19.898+05:30  INFO 79266 --- [accountservice] [main] c.e.a.config.DataInitializer             : Preloading H2 Database with sample accounts...
2026-02-16T01:45:19.965+05:30  INFO 79266 --- [accountservice] [main] c.e.a.config.DataInitializer             : H2 Database seeding complete.
2026-02-16T01:45:24.824+05:30  INFO 79266 --- [accountservice] [http-nio-8080-exec-1] o.a.c.c.C.[Tomcat].[localhost].[/]       : Initializing Spring DispatcherServlet 'dispatcherServlet'
2026-02-16T01:45:24.825+05:30  INFO 79266 --- [accountservice] [http-nio-8080-exec-1] o.s.web.servlet.DispatcherServlet        : Initializing Servlet 'dispatcherServlet'
2026-02-16T01:45:24.831+05:30  INFO 79266 --- [accountservice] [http-nio-8080-exec-1] o.s.web.servlet.DispatcherServlet        : Completed initialization in 6 ms
2026-02-16T01:45:24.867+05:30  INFO 79266 --- [accountservice] [http-nio-8080-exec-1] c.e.a.controller.AccountController       : Received API request to fetch account: 1001
2026-02-16T01:45:24.867+05:30  INFO 79266 --- [accountservice] [http-nio-8080-exec-1] c.e.a.service.AccountService             : Searching for Account Number: [1001]
2026-02-16T01:45:25.046+05:30  INFO 79266 --- [accountservice] [http-nio-8080-exec-1] c.e.a.service.AccountService             : Total accounts in DB: 2
2026-02-16T01:45:25.046+05:30  INFO 79266 --- [accountservice] [http-nio-8080-exec-1] c.e.a.service.AccountService             : Searching for: [1001], Length: 4
2026-02-16T01:45:25.071+05:30  INFO 79266 --- [accountservice] [http-nio-8080-exec-1] c.e.a.service.AccountService             : Found in DB: [1001], Length: 4
2026-02-16T01:45:25.072+05:30  INFO 79266 --- [accountservice] [http-nio-8080-exec-1] c.e.a.service.AccountService             : Found in DB: [1002], Length: 4
2026-02-16T01:47:29.212+05:30  INFO 79266 --- [accountservice] [SpringApplicationShutdownHook] o.s.boot.tomcat.GracefulShutdown         : Commencing graceful shutdown. Waiting for active requests to complete
2026-02-16T01:47:29.226+05:30  INFO 79266 --- [accountservice] [tomcat-shutdown] o.s.boot.tomcat.GracefulShutdown         : Graceful shutdown complete
2026-02-16T01:47:29.242+05:30  INFO 79266 --- [accountservice] [SpringApplicationShutdownHook] j.LocalContainerEntityManagerFactoryBean : Closing JPA EntityManagerFactory for persistence unit 'default'
2026-02-16T01:47:29.275+05:30  INFO 79266 --- [accountservice] [SpringApplicationShutdownHook] com.zaxxer.hikari.HikariDataSource       : HikariPool-1 - Shutdown initiated...
2026-02-16T01:47:29.286+05:30  INFO 79266 --- [accountservice] [SpringApplicationShutdownHook] com.zaxxer.hikari.HikariDataSource       : HikariPool-1 - Shutdown completed.
2026-02-16T01:49:27.175+05:30  INFO 79423 --- [accountservice] [main] c.e.a.AccountserviceApplication          : Starting AccountserviceApplication using Java 17.0.12 with PID 79423 (/Users/sudhirtiwari/IdeaProjects/accountservice/target/classes started by sudhirtiwari in /Users/sudhirtiwari/IdeaProjects/accountservice)
2026-02-16T01:49:27.177+05:30  INFO 79423 --- [accountservice] [main] c.e.a.AccountserviceApplication          : No active profile set, falling back to 1 default profile: "default"
2026-02-16T01:49:27.609+05:30  INFO 79423 --- [accountservice] [main] .s.d.r.c.RepositoryConfigurationDelegate : Bootstrapping Spring Data JPA repositories in DEFAULT mode.
2026-02-16T01:49:27.633+05:30  INFO 79423 --- [accountservice] [main] .s.d.r.c.RepositoryConfigurationDelegate : Finished Spring Data repository scanning in 19 ms. Found 1 JPA repository interface.
2026-02-16T01:49:27.893+05:30  INFO 79423 --- [accountservice] [main] o.s.boot.tomcat.TomcatWebServer          : Tomcat initialized with port 8080 (http)
2026-02-16T01:49:27.900+05:30  INFO 79423 --- [accountservice] [main] o.apache.catalina.core.StandardService   : Starting service [Tomcat]
2026-02-16T01:49:27.900+05:30  INFO 79423 --- [accountservice] [main] o.apache.catalina.core.StandardEngine    : Starting Servlet engine: [Apache Tomcat/11.0.15]
2026-02-16T01:49:27.930+05:30  INFO 79423 --- [accountservice] [main] b.w.c.s.WebApplicationContextInitializer : Root WebApplicationContext: initialization completed in 720 ms
2026-02-16T01:49:28.026+05:30  INFO 79423 --- [accountservice] [main] org.hibernate.orm.jpa                    : HHH008540: Processing PersistenceUnitInfo [name: default]
2026-02-16T01:49:28.056+05:30  INFO 79423 --- [accountservice] [main] org.hibernate.orm.core                   : HHH000001: Hibernate ORM core version 7.2.1.Final
2026-02-16T01:49:28.276+05:30  INFO 79423 --- [accountservice] [main] o.s.o.j.p.SpringPersistenceUnitInfo      : No LoadTimeWeaver setup: ignoring JPA class transformer
2026-02-16T01:49:28.294+05:30  INFO 79423 --- [accountservice] [main] com.zaxxer.hikari.HikariDataSource       : HikariPool-1 - Starting...
2026-02-16T01:49:28.379+05:30  INFO 79423 --- [accountservice] [main] com.zaxxer.hikari.pool.HikariPool        : HikariPool-1 - Added connection conn0: url=jdbc:h2:mem:accountdb user=SA
2026-02-16T01:49:28.380+05:30  INFO 79423 --- [accountservice] [main] com.zaxxer.hikari.HikariDataSource       : HikariPool-1 - Start completed.
2026-02-16T01:49:28.393+05:30  WARN 79423 --- [accountservice] [main] org.hibernate.orm.deprecation            : HHH90000025: H2Dialect does not need to be specified explicitly using 'hibernate.dialect' (remove the property setting and it will be selected by default)
2026-02-16T01:49:28.404+05:30  INFO 79423 --- [accountservice] [main] org.hibernate.orm.connections.pooling    : HHH10001005: Database info:
	Database JDBC URL [jdbc:h2:mem:accountdb]
	Database driver: H2 JDBC Driver
	Database dialect: H2Dialect
	Database version: 2.4.240
	Default catalog/schema: ACCOUNTDB/PUBLIC
	Autocommit mode: undefined/unknown
	Isolation level: READ_COMMITTED [default READ_COMMITTED]
	JDBC fetch size: 100
	Pool: DataSourceConnectionProvider
	Minimum pool size: undefined/unknown
	Maximum pool size: undefined/unknown
2026-02-16T01:49:28.819+05:30  INFO 79423 --- [accountservice] [main] org.hibernate.orm.core                   : HHH000489: No JTA platform available (set 'hibernate.transaction.jta.platform' to enable JTA platform integration)
2026-02-16T01:49:28.848+05:30  INFO 79423 --- [accountservice] [main] j.LocalContainerEntityManagerFactoryBean : Initialized JPA EntityManagerFactory for persistence unit 'default'
2026-02-16T01:49:28.893+05:30  INFO 79423 --- [accountservice] [main] o.s.d.j.r.query.QueryEnhancerFactories   : Hibernate is in classpath; If applicable, HQL parser will be used.
2026-02-16T01:49:28.972+05:30  WARN 79423 --- [accountservice] [main] JpaBaseConfiguration$JpaWebConfiguration : spring.jpa.open-in-view is enabled by default. Therefore, database queries may be performed during view rendering. Explicitly configure spring.jpa.open-in-view to disable this warning
2026-02-16T01:49:28.991+05:30  INFO 79423 --- [accountservice] [main] o.s.v.b.OptionalValidatorFactoryBean     : Failed to set up a Bean Validation provider: jakarta.validation.NoProviderFoundException: Unable to create a Configuration, because no Jakarta Validation provider could be found. Add a provider like Hibernate Validator (RI) to your classpath.
2026-02-16T01:49:29.155+05:30  INFO 79423 --- [accountservice] [main] o.s.b.h.a.H2ConsoleAutoConfiguration     : H2 console available at '/h2-console'. Database available at 'jdbc:h2:mem:accountdb'
2026-02-16T01:49:29.186+05:30  INFO 79423 --- [accountservice] [main] o.s.boot.tomcat.TomcatWebServer          : Tomcat started on port 8080 (http) with context path '/'
2026-02-16T01:49:29.190+05:30  INFO 79423 --- [accountservice] [main] c.e.a.AccountserviceApplication          : Started AccountserviceApplication in 2.339 seconds (process running for 2.63)
2026-02-16T01:49:29.191+05:30  INFO 79423 --- [accountservice] [main] c.e.a.config.DataInitializer             : Preloading H2 Database with sample accounts...
2026-02-16T01:49:29.248+05:30  INFO 79423 --- [accountservice] [main] c.e.a.config.DataInitializer             : H2 Database seeding complete.
2026-02-16T01:49:47.042+05:30  INFO 79423 --- [accountservice] [http-nio-8080-exec-1] o.a.c.c.C.[Tomcat].[localhost].[/]       : Initializing Spring DispatcherServlet 'dispatcherServlet'
2026-02-16T01:49:47.043+05:30  INFO 79423 --- [accountservice] [http-nio-8080-exec-1] o.s.web.servlet.DispatcherServlet        : Initializing Servlet 'dispatcherServlet'
2026-02-16T01:49:47.050+05:30  INFO 79423 --- [accountservice] [http-nio-8080-exec-1] o.s.web.servlet.DispatcherServlet        : Completed initialization in 7 ms
2026-02-16T01:49:47.093+05:30  INFO 79423 --- [accountservice] [http-nio-8080-exec-1] c.e.a.controller.AccountController       : Received API request to fetch account: 1001
2026-02-16T01:49:47.093+05:30  INFO 79423 --- [accountservice] [http-nio-8080-exec-1] c.e.a.service.AccountService             : Searching for Account Number: [1001]
2026-02-16T01:49:47.270+05:30  INFO 79423 --- [accountservice] [http-nio-8080-exec-1] c.e.a.service.AccountService             : Total accounts in DB: 2
2026-02-16T01:49:47.270+05:30  INFO 79423 --- [accountservice] [http-nio-8080-exec-1] c.e.a.service.AccountService             : Searching for: [1001], Length: 4
2026-02-16T01:49:47.289+05:30  INFO 79423 --- [accountservice] [http-nio-8080-exec-1] c.e.a.service.AccountService             : Found in DB: [1001], Length: 4
2026-02-16T01:49:47.289+05:30  INFO 79423 --- [accountservice] [http-nio-8080-exec-1] c.e.a.service.AccountService             : Found in DB: [1002], Length: 4
2026-02-16T01:50:16.021+05:30  INFO 79423 --- [accountservice] [http-nio-8080-exec-4] c.e.a.controller.AccountController       : Received API request to fetch account: 1001
2026-02-16T01:50:16.022+05:30  INFO 79423 --- [accountservice] [http-nio-8080-exec-4] c.e.a.service.AccountService             : Searching for Account Number: [1001]
2026-02-16T01:50:16.034+05:30  INFO 79423 --- [accountservice] [http-nio-8080-exec-4] c.e.a.service.AccountService             : Total accounts in DB: 2
2026-02-16T01:50:16.034+05:30  INFO 79423 --- [accountservice] [http-nio-8080-exec-4] c.e.a.service.AccountService             : Searching for: [1001], Length: 4
2026-02-16T01:50:16.040+05:30  INFO 79423 --- [accountservice] [http-nio-8080-exec-4] c.e.a.service.AccountService             : Found in DB: [1001], Length: 4
2026-02-16T01:50:16.041+05:30  INFO 79423 --- [accountservice] [http-nio-8080-exec-4] c.e.a.service.AccountService             : Found in DB: [1002], Length: 4
